number,sourceLabel,team
"1","Charles Barkley AS, SP","Philadelphia 76ers"
"2","Larry Bird AS, SP","Boston Celtics"
"3","Joe Dumars AS, SP","Detroit Pistons"
"4","Patrick Ewing AS, SP, UER","New York Knicks"
"5","Michael Jordan AS, SP, UER","Chicago Bulls"
"6","Kevin McHale AS, SP","Boston Celtics"
"7","Reggie Miller AS, SP","Indiana Pacers"
"8","Robert Parish AS, SP","Boston Celtics"
"9","Scottie Pippen AS, SP","Chicago Bulls"
"10","Dennis Rodman AS, SP","Detroit Pistons"
"11","Isiah Thomas AS, SP","Detroit Pistons"
"12","Dominique Wilkins AS, SP","Atlanta Hawks"
"NNO","All-Star Checklist AS, CL, CO, SP, ERR","Detroit Pistons / Los Angeles Lakers"
"13","All-Star Checklist AS, CL, CO, SP, COR","Detroit Pistons / Los Angeles Lakers"
"14","Rolando Blackman AS, SP","Dallas Mavericks"
"15","Tom Chambers AS, SP","Phoenix Suns"
"16","Clyde Drexler AS, SP","Portland Trail Blazers"
"17","A.C. Green AS, SP","Los Angeles Lakers"
"18","Earvin Johnson AS, SP","Los Angeles Lakers"
"19","Kevin Johnson AS, SP","Phoenix Suns"
"20","Lafayette Lever AS, SP","Denver Nuggets"
"21","Karl Malone AS, SP","Utah Jazz"
"22","Chris Mullin AS, SP","Golden State Warriors"
"23","Akeem Olajuwon AS, SP","Houston Rockets"
"24","David Robinson AS, SP","San Antonio Spurs"
"25","John Stockton AS, SP","Utah Jazz"
"26","James Worthy AS, SP","Los Angeles Lakers"
"27","John Battle","Atlanta Hawks"
"28","Jon Koncak","Atlanta Hawks"
"29","Cliff Levingston SP","Atlanta Hawks"
"30","John Long SP","Atlanta Hawks"
"31","Moses Malone","Atlanta Hawks"
"32","Glenn Rivers","Atlanta Hawks"
"33","Kenny Smith SP","Atlanta Hawks"
"34","Alexander Volkov RS, RC, UER","Atlanta Hawks"
"35","Spud Webb","Atlanta Hawks"
"36","Dominique Wilkins","Atlanta Hawks"
"37","Kevin Willis","Atlanta Hawks"
"38","John Bagley","Boston Celtics"
"39","Larry Bird","Boston Celtics"
"40","Kevin Gamble","Boston Celtics"
"41","Dennis Johnson SP","Boston Celtics"
"42","Joe Kleine","Boston Celtics"
"43","Reggie Lewis","Boston Celtics"
"44","Kevin McHale","Boston Celtics"
"45","Robert Parish","Boston Celtics"
"46","Jim Paxson SP","Boston Celtics"
"47","Ed Pinckney","Boston Celtics"
"48","Brian Shaw","Boston Celtics"
"49","Richard Anderson SP","Charlotte Hornets"
"50","Muggsy Bogues","Charlotte Hornets"
"51","Rex Chapman","Charlotte Hornets"
"52","Dell Curry","Charlotte Hornets"
"53","Kenny Gattison RC","Charlotte Hornets"
"54","Armon Gilliam","Charlotte Hornets"
"55","Dave Hoppen","Charlotte Hornets"
"56","Randolph Keys","Charlotte Hornets"
"57","J.R. Reid RS, RC","Charlotte Hornets"
"58","Robert Reid SP","Charlotte Hornets"
"59","Kelly Tripucka","Charlotte Hornets"
"60","B.J. Armstrong RS, RC","Chicago Bulls"
"61","Bill Cartwright","Chicago Bulls"
"62","Charles Davis SP","Chicago Bulls"
"63","Horace Grant","Chicago Bulls"
"64","Craig Hodges","Chicago Bulls"
"65","Michael Jordan","Chicago Bulls"
"66","Stacey King RS, RC","Chicago Bulls"
"67","John Paxson","Chicago Bulls"
"68","Will Perdue","Chicago Bulls"
"69","Scottie Pippen","Chicago Bulls"
"70","Winston Bennett RS","Cleveland Cavaliers"
"71","Chucky Brown RS, RC","Cleveland Cavaliers"
"72","Derrick Chievous","Cleveland Cavaliers"
"73","Brad Daugherty","Cleveland Cavaliers"
"74","Craig Ehlo","Cleveland Cavaliers"
"75","Steve Kerr","Cleveland Cavaliers"
"76","Paul Mokeski SP","Cleveland Cavaliers"
"77","John Morton RS","Cleveland Cavaliers"
"78","Larry Nance","Cleveland Cavaliers"
"79","Mark Price","Cleveland Cavaliers"
"80","John Williams","Cleveland Cavaliers"
"81","Steve Alford","Dallas Mavericks"
"82","Rolando Blackman","Dallas Mavericks"
"83","Adrian Dantley SP","Dallas Mavericks"
"84","Brad Davis","Dallas Mavericks"
"85","James Donaldson","Dallas Mavericks"
"86","Derek Harper","Dallas Mavericks"
"87","Sam Perkins SP","Dallas Mavericks"
"88","Roy Tarpley","Dallas Mavericks"
"89","Bill Wennington SP","Dallas Mavericks"
"90","Herb Williams","Dallas Mavericks"
"91","Michael Adams","Denver Nuggets"
"92","Joe Barry Carroll SP","Denver Nuggets"
"93","Walter Davis UER","Denver Nuggets"
"94","Alex English SP","Denver Nuggets"
"95","Bill Hanzlik","Denver Nuggets"
"96","Jerome Lane","Denver Nuggets"
"97","Fat Lever SP","Denver Nuggets"
"98","Todd Lichti RS, RC","Denver Nuggets"
"99","Blair Rasmussen","Denver Nuggets"
"100","Dan Schayes SP","Denver Nuggets"
"101","Mark Aguirre","Detroit Pistons"
"102","William Bedford RC","Detroit Pistons"
"103","Joe Dumars","Detroit Pistons"
"104","James Edwards","Detroit Pistons"
"105","Scott Hastings","Detroit Pistons"
"106","Gerald Henderson SP","Detroit Pistons"
"107","Vinnie Johnson","Detroit Pistons"
"108","Bill Laimbeer","Detroit Pistons"
"109","Dennis Rodman DPOY","Detroit Pistons"
"110","John Salley","Detroit Pistons"
"111","Isiah Thomas","Detroit Pistons"
"112","Manute Bol SP","Golden State Warriors"
"113","Tim Hardaway RS, RC, UER","Golden State Warriors"
"114","Rod Higgins","Golden State Warriors"
"115","Sarunas Marciulionis RS, RC","Golden State Warriors"
"116","Chris Mullin","Golden State Warriors"
"117","Jim Petersen","Golden State Warriors"
"118","Mitch Richmond","Golden State Warriors"
"119","Mike Smrek","Golden State Warriors"
"120","Terry Teagle SP","Golden State Warriors"
"121","Tom Tolbert RC","Golden State Warriors"
"122","Christian Welp SP","Golden State Warriors"
"123","Byron Dinkins RS, RC, SP","Houston Rockets"
"124","Eric Floyd","Houston Rockets"
"125","Buck Johnson","Houston Rockets"
"126","Vernon Maxwell","Houston Rockets"
"127","Akeem Olajuwon","Houston Rockets"
"128","Larry Smith","Houston Rockets"
"129","Otis Thorpe","Houston Rockets"
"130","Mitchell Wiggins RC, SP","Houston Rockets"
"131","Mike Woodson","Houston Rockets"
"132","Greg Dreiling RC","Indiana Pacers"
"133","Vern Fleming","Indiana Pacers"
"134","Rickey Green SP","Indiana Pacers"
"135","Reggie Miller","Indiana Pacers"
"136","Chuck Person","Indiana Pacers"
"137","Mike Sanders","Indiana Pacers"
"138","Detlef Schrempf","Indiana Pacers"
"139","Rik Smits","Indiana Pacers"
"140","LaSalle Thompson","Indiana Pacers"
"141","Randy Wittman","Indiana Pacers"
"142","Benoit Benjamin","Los Angeles Clippers"
"143","Winston Garland","Los Angeles Clippers"
"144","Tom Garrick","Los Angeles Clippers"
"145","Gary Grant UER","Los Angeles Clippers"
"146","Ron Harper","Los Angeles Clippers"
"147","Danny Manning","Los Angeles Clippers"
"148","Jeff Martin RS, RC","Los Angeles Clippers"
"149","Ken Norman","Los Angeles Clippers"
"150","David Rivers SP","Los Angeles Clippers"
"151","Charles Smith","Los Angeles Clippers"
"152","Joe Wolf SP","Los Angeles Clippers"
"153","Michael Cooper SP","Los Angeles Lakers"
"154","Vlade Divac RS, RC, UER","Los Angeles Lakers"
"155","Larry Drew","Los Angeles Lakers"
"156","A.C. Green","Los Angeles Lakers"
"157","Magic Johnson MVP","Los Angeles Lakers"
"158","Mark McNamara SP","Los Angeles Lakers"
"159","Byron Scott","Los Angeles Lakers"
"160","Mychal Thompson","Los Angeles Lakers"
"161","Jay Vincent SP","Los Angeles Lakers"
"162","Orlando Woolridge SP","Los Angeles Lakers"
"163","James Worthy","Los Angeles Lakers"
"164","Sherman Douglas RS, RC","Miami Heat"
"165","Kevin Edwards","Miami Heat"
"166","Tellis Frank SP","Miami Heat"
"167","Grant Long","Miami Heat"
"168","Glen Rice RS, RC","Miami Heat"
"169a","Rony Seikaly MIP, ERR","Miami Heat"
"169b","Rony Seikaly MIP, COR","Miami Heat"
"170","Rory Sparrow SP","Miami Heat"
"171a","Billy Thompson ERR","Miami Heat"
"171b","Jon Sundvold COR","Miami Heat"
"172a","Jon Sundvold ERR","Miami Heat"
"172b","Billy Thompson COR","Miami Heat"
"173","Greg Anderson","Milwaukee Bucks"
"174","Jeff Grayer RC","Milwaukee Bucks"
"175","Jay Humphries","Milwaukee Bucks"
"176","Frank Kornet RS","Milwaukee Bucks"
"177","Larry Krystkowiak","Milwaukee Bucks"
"178","Brad Lohaus","Milwaukee Bucks"
"179","Ricky Pierce 6MOY","Milwaukee Bucks"
"180","Paul Pressey SP","Milwaukee Bucks"
"181","Fred Roberts","Milwaukee Bucks"
"182","Alvin Robertson","Milwaukee Bucks"
"183","Jack Sikma","Milwaukee Bucks"
"184","Randy Breuer","Minnesota Timberwolves"
"185","Tony Campbell","Minnesota Timberwolves"
"186","Tyrone Corbin","Minnesota Timberwolves"
"187","Sidney Lowe SP","Minnesota Timberwolves"
"188","Sam Mitchell RS, RC","Minnesota Timberwolves"
"189","Tod Murphy","Minnesota Timberwolves"
"190","Pooh Richardson RS, RC","Minnesota Timberwolves"
"191","Scott Roth SP","Minnesota Timberwolves"
"192","Brad Sellers SP","Minnesota Timberwolves"
"193","Mookie Blaylock RS, RC","New Jersey Nets"
"194","Sam Bowie","New Jersey Nets"
"195","Lester Conner","New Jersey Nets"
"196","Derrick Gervin RS, RC","New Jersey Nets"
"197","Jack Haley RC","New Jersey Nets"
"198","Roy Hinson","New Jersey Nets"
"199","Dennis Hopson SP","New Jersey Nets"
"200","Chris Morris","New Jersey Nets"
"201","Purvis Short SP","New Jersey Nets"
"202","Maurice Cheeks","New York Knicks"
"203","Patrick Ewing","New York Knicks"
"204","Stuart Gray","New York Knicks"
"205","Mark Jackson","New York Knicks"
"206","Johnny Newman SP","New York Knicks"
"207","Charles Oakley","New York Knicks"
"208","Trent Tucker","New York Knicks"
"209","Kiki Vandeweghe","New York Knicks"
"210","Kenny Walker","New York Knicks"
"211","Eddie Lee Wilkins","New York Knicks"
"212","Gerald Wilkins","New York Knicks"
"213","Mark Acres","Orlando Magic"
"214","Nick Anderson RS, RC","Orlando Magic"
"215","Michael Ansley UER, RS, RC","Orlando Magic"
"216","Terry Catledge","Orlando Magic"
"217","Dave Corzine SP","Orlando Magic"
"218","Sidney Green SP","Orlando Magic"
"219","Jerry Reynolds","Orlando Magic"
"220","Scott Skiles","Orlando Magic"
"221","Otis Smith","Orlando Magic"
"222","Reggie Theus SP","Orlando Magic"
"223a","Sam Vincent VAR","Orlando Magic"
"223b","Sam Vincent VAR","Orlando Magic"
"224","Ron Anderson","Philadelphia 76ers"
"225","Charles Barkley","Philadelphia 76ers"
"226","Scott Brooks SP, UER","Philadelphia 76ers"
"227","Johnny Dawkins","Philadelphia 76ers"
"228","Mike Gminski","Philadelphia 76ers"
"229","Hersey Hawkins","Philadelphia 76ers"
"230","Rick Mahorn","Philadelphia 76ers"
"231","Derek Smith SP","Philadelphia 76ers"
"232","Bob Thornton","Philadelphia 76ers"
"233","Kenny Battle RS, RC","Phoenix Suns"
"234a","Tom Chambers VAR","Phoenix Suns"
"234b","Tom Chambers VAR","Phoenix Suns"
"235","Greg Grant RC, SP, UER","Phoenix Suns"
"236","Jeff Hornacek","Phoenix Suns"
"237","Eddie Johnson","Phoenix Suns"
"238a","Kevin Johnson VAR","Phoenix Suns"
"238b","Kevin Johnson VAR","Phoenix Suns"
"239","Dan Majerle","Phoenix Suns"
"240","Tim Perry","Phoenix Suns"
"241","Kurt Rambis","Phoenix Suns"
"242","Mark West","Phoenix Suns"
"243","Mark Bryant","Portland Trail Blazers"
"244","Wayne Cooper","Portland Trail Blazers"
"245","Clyde Drexler","Portland Trail Blazers"
"246","Kevin Duckworth","Portland Trail Blazers"
"247","Jerome Kersey","Portland Trail Blazers"
"248","Drazen Petrovic RS, RC","Portland Trail Blazers"
"249a","Terry Porter ERR","Portland Trail Blazers"
"249b","Terry Porter COR","Portland Trail Blazers"
"250","Cliff Robinson RS, RC","Portland Trail Blazers"
"251","Buck Williams","Portland Trail Blazers"
"252","Danny Young","Portland Trail Blazers"
"253","Danny Ainge SP","Sacramento Kings"
"254","Randy Allen SP, RC","Sacramento Kings"
"255","Antoine Carr","Sacramento Kings"
"256","Vinny Del Negro SP","Sacramento Kings"
"257","Pervis Ellison RS, RC, SP","Sacramento Kings"
"258","Greg Kite SP","Sacramento Kings"
"259","Rodney McCray SP","Sacramento Kings"
"260","Harold Pressley SP","Sacramento Kings"
"261","Ralph Sampson","Sacramento Kings"
"262","Wayman Tisdale","Sacramento Kings"
"263","Willie Anderson","San Antonio Spurs"
"264","Uwe Blab SP","San Antonio Spurs"
"265","Frank Brickowski SP","San Antonio Spurs"
"266","Terry Cummings","San Antonio Spurs"
"267","Sean Elliott RS, RC","San Antonio Spurs"
"268","Caldwell Jones SP","San Antonio Spurs"
"269","Johnny Moore SP","San Antonio Spurs"
"270","David Robinson ROY","San Antonio Spurs"
"271","Rod Strickland","San Antonio Spurs"
"272","Reggie Williams","San Antonio Spurs"
"273","David Wingate SP","San Antonio Spurs"
"274","Dana Barros RS, RC, UER","Seattle SuperSonics"
"275","Michael Cage","Seattle SuperSonics"
"276","Quintin Dailey","Seattle SuperSonics"
"277","Dale Ellis","Seattle SuperSonics"
"278","Steve Johnson SP","Seattle SuperSonics"
"279","Shawn Kemp RS, RC","Seattle SuperSonics"
"280","Xavier McDaniel","Seattle SuperSonics"
"281","Derrick McKey","Seattle SuperSonics"
"282","Nate McMillan","Seattle SuperSonics"
"283","Olden Polynice","Seattle SuperSonics"
"284","Sedale Threatt","Seattle SuperSonics"
"285","Thurl Bailey","Utah Jazz"
"286","Mike Brown","Utah Jazz"
"287","Mark Eaton","Utah Jazz"
"288","Blue Edwards RS, RC","Utah Jazz"
"289","Darrell Griffith","Utah Jazz"
"290","Bobby Hansen SP","Utah Jazz"
"291","Eric Leckner SP","Utah Jazz"
"292","Karl Malone","Utah Jazz"
"293","Delaney Rudd RS, RC","Utah Jazz"
"294","John Stockton","Utah Jazz"
"295","Mark Alarie","Washington Bullets"
"296","Ledell Eackles SP","Washington Bullets"
"297","Harvey Grant","Washington Bullets"
"298a","Tom Hammonds RC, ERR","Washington Bullets"
"298b","Tom Hammonds RC, COR","Washington Bullets"
"299","Charles Jones RC","Washington Bullets"
"300","Bernard King","Washington Bullets"
"301","Jeff Malone SP","Washington Bullets"
"302","Mel Turpin SP","Washington Bullets"
"303","Darrell Walker","Washington Bullets"
"304","John Williams","Washington Bullets"
"305","Bob Weiss CO","Atlanta Hawks"
"306","Chris Ford CO","Boston Celtics"
"307","Gene Littles CO","Charlotte Hornets"
"308","Phil Jackson CO","Chicago Bulls"
"309","Lenny Wilkens CO","Cleveland Cavaliers"
"310","Richie Adubato CO","Dallas Mavericks"
"311","Doug Moe HC, SP","Denver Nuggets"
"312","Chuck Daly HC","Detroit Pistons"
"313","Don Nelson HC","Golden State Warriors"
"314","Don Chaney CO","Houston Rockets"
"315","Dick Versace HC","Indiana Pacers"
"316","Mike Schuler CO","Los Angeles Clippers"
"317","Pat Riley CO, COY, SP","Los Angeles Lakers"
"318","Ron Rothstein HC","Miami Heat"
"319","Del Harris CO","Milwaukee Bucks"
"320","Bill Musselman CO","Minnesota Timberwolves"
"321","Bill Fitch CO","New Jersey Nets"
"322","Stu Jackson CO","New York Knicks"
"323","Matt Guokas CO","Orlando Magic"
"324","Jim Lynam CO","Philadelphia 76ers"
"325","Cotton Fitzsimmons CO","Phoenix Suns"
"326","Rick Adelman CO","Portland Trail Blazers"
"327","Dick Motta HC","Sacramento Kings"
"328","Larry Brown CO","San Antonio Spurs"
"329","K.C. Jones CO","Seattle SuperSonics"
"330","Jerry Sloan CO","Utah Jazz"
"331","Wes Unseld CO","Washington Bullets"
"332","Checklist: 1-87 CL, SP",""
"333","Checklist: 88-167 CL, SP",""
"334","Checklist: 168-250 CL, SP",""
"335","Checklist: 251-336 CL, SP",""
"336","Danny Ferry RS, RC, SP","Cleveland Cavaliers"
"337","Pistons Win Finals Opener TRIB","Detroit Pistons"
"338","Blazers Win In Overtime Tie NBA Finals At 1-1 TRIB","Portland Trail Blazers"
"339","Pistons End Jinx, Rout Blazers For 2-1 Edge TRIB","Detroit Pistons"
"340","Pistons Take 3-1 Lead TRIB","Detroit Pistons"
"341a","Pistons Win Second Straight NBA Championship! TRIB, ERR","Detroit Pistons"
"341b","Pistons Win Second Straight NBA Championship! TRIB, COR","Detroit Pistons"
"342","Back To Back World Champions","Detroit Pistons"
"343","K.C. Jones CO","Boston Celtics / Seattle SuperSonics"
"344","Wes Unseld CO","Washington Bullets"
"345","Don Nelson HC","Boston Celtics / Golden State Warriors"
"346","Bob Weiss CO","Chicago Bulls / Atlanta Hawks"
"347","Chris Ford CO","Boston Celtics"
"348","Phil Jackson CO","New York Knicks / Chicago Bulls"
"349","Lenny Wilkens CO","Seattle SuperSonics / Cleveland Cavaliers"
"350","Don Chaney CO","Boston Celtics / Houston Rockets"
"351","Mike Dunleavy CO","San Antonio Spurs / Los Angeles Lakers"
"352","Matt Guokas CO","Philadelphia 76ers / Orlando Magic"
"353","Rick Adelman CO","Portland Trail Blazers"
"354","Jerry Sloan CO","Chicago Bulls / Utah Jazz"
"355","Dominique Wilkins TC, CL","Atlanta Hawks"
"356","Larry Bird TC, CL","Boston Celtics"
"357","Rex Chapman TC, CL","Charlotte Hornets"
"358","Michael Jordan TC, CL","Chicago Bulls"
"359","Mark Price TC, CL","Cleveland Cavaliers"
"360","Rolando Blackman TC, CL","Dallas Mavericks"
"361","Michael Adams TC, CL","Denver Nuggets"
"362","Joe Dumars TC, CL","Detroit Pistons"
"363","Chris Mullin TC, CL","Golden State Warriors"
"364","Akeem Olajuwon TC, CL","Houston Rockets"
"365","Reggie Miller TC, CL","Indiana Pacers"
"366","Danny Manning TC, CL","Los Angeles Clippers"
"367","Magic Johnson TC, CL","Los Angeles Lakers"
"368","Rony Seikaly TC, CL","Miami Heat"
"369","Alvin Robertson TC, CL","Milwaukee Bucks"
"370","Pooh Richardson TC, CL","Minnesota Timberwolves"
"371","Chris Morris TC, CL","New Jersey Nets"
"372","Patrick Ewing TC, CL","New York Knicks"
"373","Nick Anderson TC, CL","Orlando Magic"
"374","Charles Barkley TC, CL","Philadelphia 76ers"
"375","Kevin Johnson TC, CL","Phoenix Suns"
"376","Clyde Drexler TC, CL","Portland Trail Blazers"
"377","Wayman Tisdale TC, CL","Sacramento Kings"
"378a","David Robinson TC, CL, VAR","San Antonio Spurs"
"378b","David Robinson TC, CL, VAR","San Antonio Spurs"
"379","Xavier McDaniel TC, CL","Seattle SuperSonics"
"380","Karl Malone TC, CL","Utah Jazz"
"381","Bernard King TC, CL","Washington Bullets"
"382","""Michael Jordan's Playground"" BTS","Chicago Bulls"
"383","Lights, Camera, NBA Action BTS","Utah Jazz"
"384","European Imports BTS","Los Angeles Lakers / Golden State Warriors"
"385","Super Streaks BTS","Los Angeles Lakers / Chicago Bulls"
"386","Johnny Newman SIS","Charlotte Hornets"
"387","Dell Curry SIS","Charlotte Hornets"
"388","Patrick Ewing DFO","New York Knicks"
"389","Isiah Thomas DFO","Detroit Pistons"
"390","Derrick Coleman LP, RC","New Jersey Nets"
"391","Gary Payton LP, RC","Seattle SuperSonics"
"392","Chris Jackson LP, RC","Denver Nuggets"
"393","Dennis Scott LP, RC","Orlando Magic"
"394","Kendall Gill LP, RC","Charlotte Hornets"
"395","Felton Spencer LP, RC","Minnesota Timberwolves"
"396","Lionel Simmons LP, RC","Sacramento Kings"
"397","Bo Kimble LP, RC","Los Angeles Clippers"
"398","Willie Burton LP, RC","Miami Heat"
"399","Rumeal Robinson LP, RC","Atlanta Hawks"
"400","Tyrone Hill LP, RC","Golden State Warriors"
"401","Tim McCormick","Atlanta Hawks"
"402","Sidney Moncrief","Atlanta Hawks"
"403","Johnny Newman","Charlotte Hornets"
"404","Dennis Hopson","Chicago Bulls"
"405","Cliff Levingston","Chicago Bulls"
"406a","Danny Ferry ERR","Cleveland Cavaliers"
"406b","Danny Ferry COR","Cleveland Cavaliers"
"407","Alex English","Dallas Mavericks"
"408","Fat Lever","Dallas Mavericks"
"409","Rodney McCray","Dallas Mavericks"
"410","Mike Dunleavy CO","Los Angeles Lakers"
"411","Orlando Woolridge","Denver Nuggets"
"412","Joe Wolf","Denver Nuggets"
"413","Tree Rollins","Detroit Pistons"
"414a","Kenny Smith ERR","Houston Rockets"
"414b","Kenny Smith COR","Houston Rockets"
"415","Sam Perkins","Los Angeles Lakers"
"416","Terry Teagle","Los Angeles Lakers"
"417","Frank Brickowski","Milwaukee Bucks"
"418","Dan Schayes","Milwaukee Bucks"
"419","Scott Brooks","Minnesota Timberwolves"
"420","Reggie Theus","New Jersey Nets"
"421a","Greg Grant ERR","New York Knicks"
"421b","Greg Grant COR","New York Knicks"
"422","Paul Westhead CO","Denver Nuggets"
"423","Greg Kite","Orlando Magic"
"424","Manute Bol","Philadelphia 76ers"
"425","Rickey Green","Philadelphia 76ers"
"426","Ed Nealy","Phoenix Suns"
"427","Danny Ainge","Portland Trail Blazers"
"428","Bobby Hansen","Sacramento Kings"
"429","Eric Leckner","Sacramento Kings"
"430","Rory Sparrow","Sacramento Kings"
"431","Bill Wennington","Sacramento Kings"
"432","Paul Pressey","San Antonio Spurs"
"433","David Greenwood","San Antonio Spurs"
"434","Mark McNamara","Orlando Magic"
"435","Sidney Green","San Antonio Spurs"
"436","Dave Corzine","Seattle SuperSonics"
"437","Jeff Malone","Utah Jazz"
"438a","Pervis Ellison ERR","Washington Bullets"
"438b","Pervis Ellison COR","Washington Bullets"
"439","Checklist: 337-381 CL",""
"440","Checklist: 382-440 CL",""
