setKey,cardNumber,sourceLabel,team,printedNumber
"base","1","Cal Ripken","Baltimore Orioles",""
"base","2","Eric Yelding","Houston Astros",""
"base","3","Geno Petralli","Texas Rangers",""
"base","4","Wally Backman","Philadelphia Phillies",""
"base","5","Milt Cuyler","Detroit Tigers",""
"base","6","Kevin Bass","San Francisco Giants",""
"base","7","Dante Bichette","Milwaukee Brewers",""
"base","8","Ray Lankford","St. Louis Cardinals",""
"base","9","Mel Hall","New York Yankees",""
"base","10","Joe Carter","Toronto Blue Jays",""
"base","11","Juan Samuel","Los Angeles Dodgers",""
"base","12","Jeff Montgomery","Kansas City Royals",""
"base","13","Glenn Braggs","Cincinnati Reds",""
"base","14","Henry Cotto","Seattle Mariners",""
"base","15","Deion Sanders","Atlanta Braves",""
"base","16","Dick Schofield","California Angels",""
"base","17","David Cone","New York Mets",""
"base","18","Chili Davis","Minnesota Twins",""
"base","19","Tom Foley","Montreal Expos",""
"base","20","Ozzie Guillen","Chicago White Sox",""
"base","21","Luis Salazar","Chicago Cubs",""
"base","22","Terry Steinbach","Oakland Athletics",""
"base","23","Chris James","Cleveland Indians",""
"base","24","Jeff King","Pittsburgh Pirates",""
"base","25","Carlos Quintana","Boston Red Sox",""
"base","26","Mike Maddux","San Diego Padres",""
"base","27","Tommy Greene","Philadelphia Phillies",""
"base","28","Jeff Russell","Texas Rangers",""
"base","29","Steve Finley","Houston Astros",""
"base","30","Mike Flanagan","Baltimore Orioles",""
"base","31","Darren Lewis","San Francisco Giants",""
"base","32","Mark Lee","Milwaukee Brewers",""
"base","33","Willie Fraser","St. Louis Cardinals",""
"base","34","Mike Henneman","Detroit Tigers",""
"base","35","Kevin Maas","New York Yankees",""
"base","36","Dave Hansen","Los Angeles Dodgers",""
"base","37","Erik Hanson","Seattle Mariners",""
"base","38","Bill Doran","Cincinnati Reds",""
"base","39","Mike Boddicker","Kansas City Royals",""
"base","40","Vince Coleman","New York Mets",""
"base","41","Devon White","Toronto Blue Jays",""
"base","42","Mark Gardner","Montreal Expos",""
"base","43","Scott Lewis","California Angels",""
"base","44","Juan Berenguer","Atlanta Braves",""
"base","45","Carney Lansford","Oakland Athletics",""
"base","46","Curt Wilkerson","Pittsburgh Pirates",""
"base","47","Shane Mack","Minnesota Twins",""
"base","48","Bip Roberts","San Diego Padres",""
"base","49","Greg Harris","Boston Red Sox",""
"base","50","Ryne Sandberg","Chicago Cubs",""
"base","51","Mark Whiten","Cleveland Indians",""
"base","52","Jack McDowell","Chicago White Sox",""
"base","53","Jimmy Jones","Houston Astros",""
"base","54","Steve Lake","Philadelphia Phillies",""
"base","55","Bud Black","San Francisco Giants",""
"base","56","Dave Valle","Seattle Mariners",""
"base","57","Kevin Reimer","Texas Rangers",""
"base","58","Rich Gedman","St. Louis Cardinals",""
"base","59","Travis Fryman","Detroit Tigers",""
"base","60","Steve Avery","Atlanta Braves",""
"base","61","Francisco de la Rosa","Baltimore Orioles",""
"base","62","Scott Hemond","Oakland Athletics",""
"base","63","Hal Morris","Cincinnati Reds",""
"base","64","Hensley Meulens","New York Yankees",""
"base","65","Frank Castillo","Chicago Cubs",""
"base","66","Gene Larkin","Minnesota Twins",""
"base","67","Jose DeLeon","St. Louis Cardinals",""
"base","68","Al Osuna","Houston Astros",""
"base","69","Dave Cochrane","Seattle Mariners",""
"base","70","Robin Ventura","Chicago White Sox",""
"base","71","John Cerutti","Detroit Tigers",""
"base","72","Kevin Gross","Los Angeles Dodgers",""
"base","73","Ivan Calderon","Montreal Expos",""
"base","74","Mike Macfarlane","Kansas City Royals",""
"base","75","Stan Belinda","Pittsburgh Pirates",""
"base","76","Shawn Hillegas","Cleveland Indians",""
"base","77","Pat Borders","Toronto Blue Jays",""
"base","78","Jim Vatcher","San Diego Padres",""
"base","79","Bobby Rose","California Angels",""
"base","80","Roger Clemens","Boston Red Sox",""
"base","81","Craig Worthington","Baltimore Orioles",""
"base","82","Jeff Treadway","Atlanta Braves",""
"base","83","Jamie Quirk","Oakland Athletics",""
"base","84","Randy Bush","Minnesota Twins",""
"base","85","Anthony Young","New York Mets",""
"base","86","Trevor Wilson","San Francisco Giants",""
"base","87","Jaime Navarro","Milwaukee Brewers",""
"base","88","Les Lancaster","Chicago Cubs",""
"base","89","Pat Kelly","New York Yankees",""
"base","90","Alvin Davis","Seattle Mariners",""
"base","91","Larry Andersen","San Diego Padres",""
"base","92","Rob Deer","Detroit Tigers",""
"base","93","Mike Sharperson","Los Angeles Dodgers",""
"base","94","Lance Parrish","California Angels",""
"base","95","Cecil Espy","Pittsburgh Pirates",""
"base","96","Tim Spehr","Kansas City Royals",""
"base","97","Dave Stieb","Toronto Blue Jays",""
"base","98","Terry Mulholland","Philadelphia Phillies",""
"base","99","Dennis Boyd","Texas Rangers",""
"base","100","Barry Larkin","Cincinnati Reds",""
"base","101","Ryan Bowen","Houston Astros",""
"base","102","Felix Fermin","Cleveland Indians",""
"base","103","Luis Alicea","St. Louis Cardinals",""
"base","104","Tim Hulett","Baltimore Orioles",""
"base","105","Rafael Belliard","Atlanta Braves",""
"base","106","Mike Gallego","Oakland Athletics",""
"base","107","Dave Righetti","San Francisco Giants",""
"base","108","Jeff Schaefer","Seattle Mariners",""
"base","109","Ricky Bones","San Diego Padres",""
"base","110","Scott Erickson","Minnesota Twins",""
"base","111","Matt Nokes","New York Yankees",""
"base","112","Bob Scanlan","Chicago Cubs",""
"base","113","Tom Candiotti","Toronto Blue Jays",""
"base","114","Sean Berry","Kansas City Royals",""
"base","115","Kevin Morton","Boston Red Sox",""
"base","116","Scott Fletcher","Chicago White Sox",""
"base","117","B.J. Surhoff","Milwaukee Brewers",""
"base","118","Dave Magadan","New York Mets",""
"base","119","Bill Gullickson","Detroit Tigers",""
"base","120","Marquis Grissom","Montreal Expos",""
"base","121","Lenny Harris","Los Angeles Dodgers",""
"base","122","Wally Joyner","California Angels",""
"base","123","Kevin Brown","Milwaukee Brewers",""
"base","124","Braulio Castillo","Philadelphia Phillies",""
"base","125","Eric King","Cleveland Indians",""
"base","126","Mark Portugal","Houston Astros",""
"base","127","Calvin Jones","Seattle Mariners",""
"base","128","Mike Heath","Atlanta Braves",""
"base","129","Todd Van Poppel","Oakland Athletics",""
"base","130","Benny Santiago","San Diego Padres",""
"base","131","Gary Thurman","Kansas City Royals",""
"base","132","Joe Girardi","Chicago Cubs",""
"base","133","Dave Eiland","New York Yankees",""
"base","134","Orlando Merced","Pittsburgh Pirates",""
"base","135","Joe Orsulak","Baltimore Orioles",""
"base","136","John Burkett","San Francisco Giants",""
"base","137","Ken Dayley","Toronto Blue Jays",""
"base","138","Ken Hill","St. Louis Cardinals",""
"base","139","Walt Terrell","Detroit Tigers",""
"base","140","Mike Scioscia","Los Angeles Dodgers",""
"base","141","Junior Felix","California Angels",""
"base","142","Ken Caminiti","Houston Astros",""
"base","143","Carlos Baerga","Cleveland Indians",""
"base","144","Tony Fossas","Boston Red Sox",""
"base","145","Craig Grebeck","Chicago White Sox",""
"base","146","Scott Bradley","Seattle Mariners",""
"base","147","Kent Mercker","Atlanta Braves",""
"base","148","Derrick May","Chicago Cubs",""
"base","149","Jerald Clark","San Diego Padres",""
"base","150","George Brett","Kansas City Royals",""
"base","151","Luis Quinones","Cincinnati Reds",""
"base","152","Mike Pagliarulo","Minnesota Twins",""
"base","153","Jose Guzman","Texas Rangers",""
"base","154","Charlie O'Brien","New York Mets",""
"base","155","Darren Holmes","Milwaukee Brewers",""
"base","156","Joe Boever","Philadelphia Phillies",""
"base","157","Rich Monteleone","New York Yankees",""
"base","158","Reggie Harris","Oakland Athletics",""
"base","159","Roberto Alomar","Toronto Blue Jays",""
"base","160","Robby Thompson","San Francisco Giants",""
"base","161","Chris Hoiles","Baltimore Orioles",""
"base","162","Tom Pagnozzi","St. Louis Cardinals",""
"base","163","Omar Vizquel","Seattle Mariners",""
"base","164","John Candelaria","Los Angeles Dodgers",""
"base","165","Terry Shumpert","Kansas City Royals",""
"base","166","Andy Mota","Houston Astros",""
"base","167","Scott Bailes","California Angels",""
"base","168","Jeff Blauser","Atlanta Braves",""
"base","169","Steve Olin","Cleveland Indians",""
"base","170","Doug Drabek","Pittsburgh Pirates",""
"base","171","Dave Bergman","Detroit Tigers",""
"base","172","Eddie Whitson","San Diego Padres",""
"base","173","Gilberto Reyes","Montreal Expos",""
"base","174","Mark Grace","Chicago Cubs",""
"base","175","Paul O'Neill","Cincinnati Reds",""
"base","176","Greg Cadaret","New York Yankees",""
"base","177","Mark Williamson","Baltimore Orioles",""
"base","178","Casey Candaele","Houston Astros",""
"base","179","Candy Maldonado","Toronto Blue Jays",""
"base","180","Lee Smith","St. Louis Cardinals",""
"base","181","Harold Reynolds","Seattle Mariners",""
"base","182","David Justice","Atlanta Braves",""
"base","183","Lenny Webster","Minnesota Twins",""
"base","184","Donn Pall","Chicago White Sox",""
"base","185","Gerald Alexander","Texas Rangers",""
"base","186","Jack Clark","Boston Red Sox",""
"base","187","Stan Javier","Los Angeles Dodgers",""
"base","188","Ricky Jordan","Philadelphia Phillies",""
"base","189","Franklin Stubbs","Milwaukee Brewers",""
"base","190","Dennis Eckersley","Oakland Athletics",""
"base","191","Danny Tartabull","Kansas City Royals",""
"base","192","Pete O'Brien","Seattle Mariners",""
"base","193","Mark Lewis","Cleveland Indians",""
"base","194","Mike Felder","San Francisco Giants",""
"base","195","Mickey Tettleton","Detroit Tigers",""
"base","196","Dwight Smith","Chicago Cubs",""
"base","197","Shawn Abner","California Angels",""
"base","198","Jim Leyritz","New York Yankees",""
"base","199","Mike Devereaux","Baltimore Orioles",""
"base","200","Craig Biggio","Houston Astros",""
"base","201","Kevin Elster","New York Mets",""
"base","202","Rance Mulliniks","Toronto Blue Jays",""
"base","203","Tony Fernandez","San Diego Padres",""
"base","204","Allan Anderson","Minnesota Twins",""
"base","205","Herm Winningham","Cincinnati Reds",""
"base","206","Tim Jones","St. Louis Cardinals",""
"base","207","Ramon Martinez","Los Angeles Dodgers",""
"base","208","Teddy Higuera","Milwaukee Brewers",""
"base","209","John Kruk","Philadelphia Phillies",""
"base","210","Jim Abbott","California Angels",""
"base","211","Dean Palmer","Texas Rangers",""
"base","212","Mark Davis","Kansas City Royals",""
"base","213","Jay Buhner","Seattle Mariners",""
"base","214","Jesse Barfield","New York Yankees",""
"base","215","Kevin Mitchell","San Francisco Giants",""
"base","216","Mike LaValliere","Pittsburgh Pirates",""
"base","217","Mark Wohlers","Atlanta Braves",""
"base","218","Dave Henderson","Oakland Athletics",""
"base","219","Dave Smith","Chicago Cubs",""
"base","220","Albert Belle","Cleveland Indians",""
"base","221","Spike Owen","Montreal Expos",""
"base","222","Jeff Gray","Boston Red Sox",""
"base","223","Paul Gibson","Detroit Tigers",""
"base","224","Bobby Thigpen","Chicago White Sox",""
"base","225","Mike Mussina","Baltimore Orioles",""
"base","226","Darrin Jackson","San Diego Padres",""
"base","227","Luis Gonzalez","Houston Astros",""
"base","228","Greg Briley","Seattle Mariners",""
"base","229","Brent Mayne","Kansas City Royals",""
"base","230","Paul Molitor","Milwaukee Brewers",""
"base","231","Al Leiter","Toronto Blue Jays",""
"base","232","Andy Van Slyke","Pittsburgh Pirates",""
"base","233","Ron Tingley","California Angels",""
"base","234","Bernard Gilkey","St. Louis Cardinals",""
"base","235","Kent Hrbek","Minnesota Twins",""
"base","236","Eric Karros","Los Angeles Dodgers",""
"base","237","Randy Velarde","New York Yankees",""
"base","238","Andy Allanson","Detroit Tigers",""
"base","239","Willie McGee","San Francisco Giants",""
"base","240","Juan Gonzalez","Texas Rangers",""
"base","241","Karl Rhodes","Houston Astros",""
"base","242","Luis Mercedes","Baltimore Orioles",""
"base","243","Billy Swift","Seattle Mariners",""
"base","244","Tommy Gregg","Atlanta Braves",""
"base","245","David Howard","Kansas City Royals",""
"base","246","Dave Hollins","Philadelphia Phillies",""
"base","247","Kip Gross","Cincinnati Reds",""
"base","248","Walt Weiss","Oakland Athletics",""
"base","249","Mackey Sasser","New York Mets",""
"base","250","Cecil Fielder","Detroit Tigers",""
"base","251","Jerry Browne","Cleveland Indians",""
"base","252","Doug Dascenzo","Chicago Cubs",""
"base","253","Darryl Hamilton","Milwaukee Brewers",""
"base","254","Dann Bilardello","San Diego Padres",""
"base","255","Luis Rivera","Boston Red Sox",""
"base","256","Larry Walker","Montreal Expos",""
"base","257","Ron Karkovice","Chicago White Sox",""
"base","258","Bob Tewksbury","St. Louis Cardinals",""
"base","259","Jimmy Key","Toronto Blue Jays",""
"base","260","Bernie Williams","New York Yankees",""
"base","261","Gary Wayne","Minnesota Twins",""
"base","262","Mike Simms","Houston Astros",""
"base","263","John Orton","California Angels",""
"base","264","Marvin Freeman","Atlanta Braves",""
"base","265","Mike Jeffcoat","Texas Rangers",""
"base","266","Roger Mason","Pittsburgh Pirates",""
"base","267","Edgar Martinez","Seattle Mariners",""
"base","268","Henry Rodriguez","Los Angeles Dodgers",""
"base","269","Sam Horn","Baltimore Orioles",""
"base","270","Brian McRae","Kansas City Royals",""
"base","271","Kirt Manwaring","San Francisco Giants",""
"base","272","Mike Bordick","Oakland Athletics",""
"base","273","Chris Sabo","Cincinnati Reds",""
"base","274","Jim Olander","Milwaukee Brewers",""
"base","275","Greg Harris","San Diego Padres",""
"base","276","Dan Gakeler","Detroit Tigers",""
"base","277","Bill Sampen","Montreal Expos",""
"base","278","Joel Skinner","Cleveland Indians",""
"base","279","Curt Schilling","Houston Astros",""
"base","280","Dale Murphy","Philadelphia Phillies",""
"base","281","Lee Stevens","California Angels",""
"base","282","Lonnie Smith","Atlanta Braves",""
"base","283","Manuel Lee","Toronto Blue Jays",""
"base","284","Shawn Boskie","Chicago Cubs",""
"base","285","Kevin Seitzer","Kansas City Royals",""
"base","286","Stan Royer","St. Louis Cardinals",""
"base","287","John Dopson","Boston Red Sox",""
"base","288","Scott Bullett","Pittsburgh Pirates",""
"base","289","Ken Patterson","Chicago White Sox",""
"base","290","Todd Hundley","New York Mets",""
"base","291","Tim Leary","New York Yankees",""
"base","292","Brett Butler","Los Angeles Dodgers",""
"base","293","Gregg Olson","Baltimore Orioles",""
"base","294","Jeff Brantley","San Francisco Giants",""
"base","295","Brian Holman","Seattle Mariners",""
"base","296","Brian Harper","Minnesota Twins",""
"base","297","Brian Bohanon","Texas Rangers",""
"base","298","Checklist: 1-100 CL","",""
"base","299","Checklist: 101-200 CL","",""
"base","300","Checklist: 201-300 CL","",""
"base","301","Frank Thomas","Chicago White Sox",""
"base","302","Lloyd McClendon","Pittsburgh Pirates",""
"base","303","Brady Anderson","Baltimore Orioles",""
"base","304","Julio Valera","New York Mets",""
"base","305","Mike Aldrete","Cleveland Indians",""
"base","306","Joe Oliver","Cincinnati Reds",""
"base","307","Todd Stottlemyre","Toronto Blue Jays",""
"base","308","Rey Sanchez","Chicago Cubs",""
"base","309","Gary Sheffield","Milwaukee Brewers",""
"base","310","Andujar Cedeno","Houston Astros",""
"base","311","Kenny Rogers","Texas Rangers",""
"base","312","Bruce Hurst","San Diego Padres",""
"base","313","Mike Schooler","Seattle Mariners",""
"base","314","Mike Benjamin","San Francisco Giants",""
"base","315","Chuck Finley","California Angels",""
"base","316","Mark Lemke","Atlanta Braves",""
"base","317","Scott Livingstone","Detroit Tigers",""
"base","318","Chris Nabholz","Montreal Expos",""
"base","319","Mike Humphreys","New York Yankees",""
"base","320","Pedro Guerrero","St. Louis Cardinals",""
"base","321","Willie Banks","Minnesota Twins",""
"base","322","Tom Goodwin","Los Angeles Dodgers",""
"base","323","Hector Wagner","Kansas City Royals",""
"base","324","Wally Ritchie","Philadelphia Phillies",""
"base","325","Mo Vaughn","Boston Red Sox",""
"base","326","Joe Klink","Oakland Athletics",""
"base","327","Cal Eldred","Milwaukee Brewers",""
"base","328","Daryl Boston","New York Mets",""
"base","329","Mike Huff","Chicago White Sox",""
"base","330","Jeff Bagwell","Houston Astros",""
"base","331","Bob Milacki","Baltimore Orioles",""
"base","332","Tom Prince","Pittsburgh Pirates",""
"base","333","Pat Tabler","Toronto Blue Jays",""
"base","334","Ced Landrum","Chicago Cubs",""
"base","335","Reggie Jefferson","Cleveland Indians",""
"base","336","Mo Sanford","Cincinnati Reds",""
"base","337","Kevin Ritz","Detroit Tigers",""
"base","338","Gerald Perry","St. Louis Cardinals",""
"base","339","Jeff Hamilton","Los Angeles Dodgers",""
"base","340","Tim Wallach","Montreal Expos",""
"base","341","Jeff Huson","Texas Rangers",""
"base","342","Jose Melendez","San Diego Padres",""
"base","343","Willie Wilson","Oakland Athletics",""
"base","344","Mike Stanton","Atlanta Braves",""
"base","345","Joel Johnston","Kansas City Royals",""
"base","346","Lee Guetterman","New York Yankees",""
"base","347","Francisco Oliveras","San Francisco Giants",""
"base","348","Dave Burba","Seattle Mariners",""
"base","349","Tim Crews","Los Angeles Dodgers",""
"base","350","Scott Leius","Minnesota Twins",""
"base","351","Danny Cox","Philadelphia Phillies",""
"base","352","Wayne Housie","Boston Red Sox",""
"base","353","Chris Donnels","New York Mets",""
"base","354","Chris George","Milwaukee Brewers",""
"base","355","Gerald Young","Houston Astros",""
"base","356","Roberto Hernandez","Chicago White Sox",""
"base","357","Neal Heaton","Pittsburgh Pirates",""
"base","358","Todd Frohwirth","Baltimore Orioles",""
"base","359","Jose Vizcaino","Chicago Cubs",""
"base","360","Jim Thome","Cleveland Indians",""
"base","361","Craig Wilson","St. Louis Cardinals",""
"base","362","Dave Haas","Detroit Tigers",""
"base","363","Billy Hatcher","Cincinnati Reds",""
"base","364","John Barfield","Texas Rangers",""
"base","365","Luis Aquino","Kansas City Royals",""
"base","366","Charlie Leibrandt","Atlanta Braves",""
"base","367","Howard Farmer","Montreal Expos",""
"base","368","Bryn Smith","St. Louis Cardinals",""
"base","369","Mickey Morandini","Philadelphia Phillies",""
"base","370","Jose Canseco","Oakland Athletics",""
"base","371","Jose Uribe","San Francisco Giants",""
"base","372","Bob MacDonald","Toronto Blue Jays",""
"base","373","Luis Sojo","California Angels",""
"base","374","Craig Shipley","San Diego Padres",""
"base","375","Scott Bankhead","Seattle Mariners",""
"base","376","Greg Gagne","Minnesota Twins",""
"base","377","Scott Cooper","Boston Red Sox",""
"base","378","Jose Offerman","Los Angeles Dodgers",""
"base","379","Bill Spiers","Milwaukee Brewers",""
"base","380","John Smiley","Pittsburgh Pirates",""
"base","381","Jeff Carter","Chicago White Sox",""
"base","382","Heathcliff Slocumb","Chicago Cubs",""
"base","383","Jeff Tackett","Baltimore Orioles",""
"base","384","John Kiely","Detroit Tigers",""
"base","385","John Vander Wal","Montreal Expos",""
"base","386","Omar Olivares","St. Louis Cardinals",""
"base","387","Ruben Sierra","Texas Rangers",""
"base","388","Tom Gordon","Kansas City Royals",""
"base","389","Charles Nagy","Cleveland Indians",""
"base","390","Dave Stewart","Oakland Athletics",""
"base","391","Pete Harnisch","Houston Astros",""
"base","392","Tim Burke","New York Mets",""
"base","393","Roberto Kelly","New York Yankees",""
"base","394","Freddie Benavides","Cincinnati Reds",""
"base","395","Tom Glavine","Atlanta Braves",""
"base","396","Wes Chamberlain","Philadelphia Phillies",""
"base","397","Eric Gunderson","San Francisco Giants",""
"base","398","Dave West","Minnesota Twins",""
"base","399","Ellis Burks","Boston Red Sox",""
"base","400","Ken Griffey, Jr.","Seattle Mariners",""
"base","401","Thomas Howard","San Diego Padres",""
"base","402","Juan Guzman","Toronto Blue Jays",""
"base","403","Mitch Webster","Los Angeles Dodgers",""
"base","404","Matt Merullo","Chicago White Sox",""
"base","405","Steve Buechele","Pittsburgh Pirates",""
"base","406","Danny Jackson","Chicago Cubs",""
"base","407","Felix Jose","St. Louis Cardinals",""
"base","408","Doug Piatt","Montreal Expos",""
"base","409","Jim Eisenreich","Kansas City Royals",""
"base","410","Bryan Harvey","California Angels",""
"base","411","Jim Austin","Milwaukee Brewers",""
"base","412","Jim Poole","Baltimore Orioles",""
"base","413","Glenallen Hill","Cleveland Indians",""
"base","414","Gene Nelson","Oakland Athletics",""
"base","415","Ivan Rodriguez","Texas Rangers",""
"base","416","Frank Tanana","Detroit Tigers",""
"base","417","Steve Decker","San Francisco Giants",""
"base","418","Jason Grimsley","Philadelphia Phillies",""
"base","419","Tim Layana","Cincinnati Reds",""
"base","420","Don Mattingly","New York Yankees",""
"base","421","Jerome Walton","Chicago Cubs",""
"base","422","Rob Ducey","Toronto Blue Jays",""
"base","423","Andy Benes","San Diego Padres",""
"base","424","John Marzano","Boston Red Sox",""
"base","425","Gene Harris","Seattle Mariners",""
"base","426","Rock Raines","Chicago White Sox",""
"base","427","Bret Barberie","Montreal Expos",""
"base","428","Harvey Pulliam","Kansas City Royals",""
"base","429","Cris Carpenter","St. Louis Cardinals",""
"base","430","Howard Johnson","New York Mets",""
"base","431","Orel Hershiser","Los Angeles Dodgers",""
"base","432","Brian Hunter","Atlanta Braves",""
"base","433","Kevin Tapani","Minnesota Twins",""
"base","434","Rick Reed","Pittsburgh Pirates",""
"base","435","Ron Witmeyer","Oakland Athletics",""
"base","436","Gary Gaetti","California Angels",""
"base","437","Alex Cole","Cleveland Indians",""
"base","438","Chito Martinez","Baltimore Orioles",""
"base","439","Greg Litton","San Francisco Giants",""
"base","440","Julio Franco","Texas Rangers",""
"base","441","Mike Munoz","Detroit Tigers",""
"base","442","Erik Pappas","Chicago Cubs",""
"base","443","Pat Combs","Philadelphia Phillies",""
"base","444","Lance Johnson","Chicago White Sox",""
"base","445","Ed Sprague","Toronto Blue Jays",""
"base","446","Mike Greenwell","Boston Red Sox",""
"base","447","Milt Thompson","St. Louis Cardinals",""
"base","448","Mike Magnante","Kansas City Royals",""
"base","449","Chris Haney","Montreal Expos",""
"base","450","Robin Yount","Milwaukee Brewers",""
"base","451","Rafael Ramirez","Houston Astros",""
"base","452","Gino Minutelli","Cincinnati Reds",""
"base","453","Tom Lampkin","San Diego Padres",""
"base","454","Tony Perezchica","Cleveland Indians",""
"base","455","Doc Gooden","New York Mets",""
"base","456","Mark Guthrie","Minnesota Twins",""
"base","457","Jay Howell","Los Angeles Dodgers",""
"base","458","Gary DiSarcina","California Angels",""
"base","459","John Smoltz","Atlanta Braves",""
"base","460","Will Clark","San Francisco Giants",""
"base","461","Dave Otto","Cleveland Indians",""
"base","462","Rob Maurer","Texas Rangers",""
"base","463","Dwight Evans","Baltimore Orioles",""
"base","464","Tom Brunansky","Boston Red Sox",""
"base","465","Shawn Hare","Detroit Tigers",""
"base","466","Geronimo Pena","St. Louis Cardinals",""
"base","467","Alex Fernandez","Chicago White Sox",""
"base","468","Greg Myers","Toronto Blue Jays",""
"base","469","Jeff Fassero","Montreal Expos",""
"base","470","Len Dykstra","Philadelphia Phillies",""
"base","471","Jeff Johnson","New York Yankees",""
"base","472","Russ Swan","Seattle Mariners",""
"base","473","Archie Corbin","Kansas City Royals",""
"base","474","Chuck McElroy","Chicago Cubs",""
"base","475","Mark McGwire","Oakland Athletics",""
"base","476","Wally Whitehurst","New York Mets",""
"base","477","Tim McIntosh","Milwaukee Brewers",""
"base","478","Sid Bream","Atlanta Braves",""
"base","479","Jeff Juden","Houston Astros",""
"base","480","Carlton Fisk","Chicago White Sox",""
"base","481","Jeff Plympton","Boston Red Sox",""
"base","482","Carlos Martinez","Cleveland Indians",""
"base","483","Jim Gott","Los Angeles Dodgers",""
"base","484","Bob McClure","St. Louis Cardinals",""
"base","485","Tim Teufel","San Diego Padres",""
"base","486","Vicente Palacios","Pittsburgh Pirates",""
"base","487","Jeff Reed","Cincinnati Reds",""
"base","488","Tony Phillips","Detroit Tigers",""
"base","489","Mel Rojas","Montreal Expos",""
"base","490","Ben McDonald","Baltimore Orioles",""
"base","491","Andres Santana","San Francisco Giants",""
"base","492","Chris Beasley","California Angels",""
"base","493","Mike Timlin","Toronto Blue Jays",""
"base","494","Brian Downing","Texas Rangers",""
"base","495","Kirk Gibson","Kansas City Royals",""
"base","496","Scott Sanderson","New York Yankees",""
"base","497","Nick Esasky","Atlanta Braves",""
"base","498","Johnny Guzman","Oakland Athletics",""
"base","499","Mitch Williams","Philadelphia Phillies",""
"base","500","Kirby Puckett","Minnesota Twins",""
"base","501","Mike Harkey","Chicago Cubs",""
"base","502","Jim Gantner","Milwaukee Brewers",""
"base","503","Bruce Egloff","Cleveland Indians",""
"base","504","Josias Manzanillo","Boston Red Sox",""
"base","505","Delino DeShields","Montreal Expos",""
"base","506","Rheal Cormier","St. Louis Cardinals",""
"base","507","Jay Bell","Pittsburgh Pirates",""
"base","508","Rich Rowland","Detroit Tigers",""
"base","509","Scott Servais","Houston Astros",""
"base","510","Terry Pendleton","Atlanta Braves",""
"base","511","Rich DeLucia","Seattle Mariners",""
"base","512","Warren Newson","Chicago White Sox",""
"base","513","Paul Faries","San Diego Padres",""
"base","514","Kal Daniels","Los Angeles Dodgers",""
"base","515","Jarvis Brown","Minnesota Twins",""
"base","516","Rafael Palmeiro","Texas Rangers",""
"base","517","Kelly Downs","San Francisco Giants",""
"base","518","Steve Chitren","Oakland Athletics",""
"base","519","Moises Alou","Montreal Expos",""
"base","520","Wade Boggs","Boston Red Sox",""
"base","521","Pete Schourek","New York Mets",""
"base","522","Scott Terry","St. Louis Cardinals",""
"base","523","Kevin Appier","Kansas City Royals",""
"base","524","Gary Redus","Pittsburgh Pirates",""
"base","525","George Bell","Chicago Cubs",""
"base","526","Jeff Kaiser","Detroit Tigers",""
"base","527","Alvaro Espinoza","New York Yankees",""
"base","528","Luis Polonia","California Angels",""
"base","529","Darren Daulton","Philadelphia Phillies",""
"base","530","Norm Charlton","Cincinnati Reds",""
"base","531","John Olerud","Toronto Blue Jays",""
"base","532","Dan Plesac","Milwaukee Brewers",""
"base","533","Billy Ripken","Baltimore Orioles",""
"base","534","Rod Nichols","Cleveland Indians",""
"base","535","Joey Cora","Chicago White Sox",""
"base","536","Harold Baines","Oakland Athletics",""
"base","537","Bob Ojeda","Los Angeles Dodgers",""
"base","538","Mark Leonard","San Francisco Giants",""
"base","539","Danny Darwin","Boston Red Sox",""
"base","540","Shawon Dunston","Chicago Cubs",""
"base","541","Pedro Munoz","Minnesota Twins",""
"base","542","Mark Gubicza","Kansas City Royals",""
"base","543","Kevin Baez","New York Mets",""
"base","544","Todd Zeile","St. Louis Cardinals",""
"base","545","Don Slaught","Pittsburgh Pirates",""
"base","546","Tony Eusebio","Houston Astros",""
"base","547","Alonzo Powell","Seattle Mariners",""
"base","548","Gary Pettis","Texas Rangers",""
"base","549","Brian Barnes","Montreal Expos",""
"base","550","Lou Whitaker","Detroit Tigers",""
"base","551","Keith Mitchell","Atlanta Braves",""
"base","552","Oscar Azocar","San Diego Padres",""
"base","553","Stu Cole","Kansas City Royals",""
"base","554","Steve Wapnick","Chicago White Sox",""
"base","555","Derek Bell","Toronto Blue Jays",""
"base","556","Luis Lopez","Cleveland Indians",""
"base","557","Anthony Telford","Baltimore Orioles",""
"base","558","Tim Mauser","Philadelphia Phillies",""
"base","559","Glenn Sutko","Cincinnati Reds",""
"base","560","Darryl Strawberry","Los Angeles Dodgers",""
"base","561","Tom Bolton","Boston Red Sox",""
"base","562","Cliff Young","California Angels",""
"base","563","Bruce Walton","Oakland Athletics",""
"base","564","Chico Walker","Chicago Cubs",""
"base","565","John Franco","New York Mets",""
"base","566","Paul McClellan","San Francisco Giants",""
"base","567","Paul Abbott","Minnesota Twins",""
"base","568","Gary Varsho","Pittsburgh Pirates",""
"base","569","Carlos Maldonado","Kansas City Royals",""
"base","570","Kelly Gruber","Toronto Blue Jays",""
"base","571","Jose Oquendo","St. Louis Cardinals",""
"base","572","Steve Frey","Montreal Expos",""
"base","573","Tino Martinez","Seattle Mariners",""
"base","574","Bill Haselman","Texas Rangers",""
"base","575","Eric Anthony","Houston Astros",""
"base","576","John Habyan","New York Yankees",""
"base","577","Jeff McNeely","Boston Red Sox",""
"base","578","Chris Bosio","Milwaukee Brewers",""
"base","579","Joe Grahe","California Angels",""
"base","580","Fred McGriff","San Diego Padres",""
"base","581","Rick Honeycutt","Oakland Athletics",""
"base","582","Matt Williams","San Francisco Giants",""
"base","583","Cliff Brantley","Philadelphia Phillies",""
"base","584","Rob Dibble","Cincinnati Reds",""
"base","585","Skeeter Barnes","Detroit Tigers",""
"base","586","Greg Hibbard","Chicago White Sox",""
"base","587","Randy Milligan","Baltimore Orioles",""
"base","588","Checklist: 301-400 CL","",""
"base","589","Checklist: 401-500 CL","",""
"base","590","Checklist: 501-600 CL","",""
"base","591","Frank Thomas","Chicago White Sox",""
"base","592","David Justice","Atlanta Braves",""
"base","593","Roger Clemens","Boston Red Sox",""
"base","594","Steve Avery","Atlanta Braves",""
"base","595","Cal Ripken","Baltimore Orioles",""
"base","596","Barry Larkin","Cincinnati Reds",""
"base","597","Jose Canseco","Oakland Athletics","370"
"base","598","Will Clark","San Francisco Giants",""
"base","599","Cecil Fielder","Detroit Tigers",""
"base","600","Ryne Sandberg","Chicago Cubs",""
"base","601","Chuck Knoblauch","Minnesota Twins",""
"base","602","Doc Gooden","New York Mets",""
"base","603","Ken Griffey, Jr.","Seattle Mariners",""
"base","604","Barry Bonds","Pittsburgh Pirates",""
"base","605","Nolan Ryan","Texas Rangers",""
"base","606","Jeff Bagwell","Houston Astros",""
"base","607","Robin Yount","Milwaukee Brewers",""
"base","608","Bobby Bonilla","New York Mets",""
"base","609","George Brett","Kansas City Royals",""
"base","610","Howard Johnson","New York Mets",""
"base","611","Esteban Beltre","Chicago White Sox",""
"base","612","Mike Christopher","Cleveland Indians",""
"base","613","Troy Afenir","Cincinnati Reds",""
"base","614","Mariano Duncan","Philadelphia Phillies",""
"base","615","Doug Henry","Milwaukee Brewers",""
"base","616","Doug Jones","Houston Astros",""
"base","617","Alvin Davis","California Angels",""
"base","618","Craig Lefferts","San Diego Padres",""
"base","619","Kevin McReynolds","Kansas City Royals",""
"base","620","Barry Bonds","Pittsburgh Pirates",""
"base","621","Turner Ward","Toronto Blue Jays",""
"base","622","Joe Magrane","St. Louis Cardinals",""
"base","623","Mark Parent","Baltimore Orioles",""
"base","624","Tom Browning","Cincinnati Reds",""
"base","625","John Smiley","Minnesota Twins",""
"base","626","Steve Wilson","Los Angeles Dodgers",""
"base","627","Mike Gallego","New York Yankees",""
"base","628","Sammy Sosa","Chicago Cubs",""
"base","629","Rico Rossy","Kansas City Royals",""
"base","630","Royce Clayton","San Francisco Giants",""
"base","631","Clay Parker","Seattle Mariners",""
"base","632","Pete Smith","Atlanta Braves",""
"base","633","Jeff McKnight","New York Mets",""
"base","634","Jack Daugherty","Texas Rangers",""
"base","635","Steve Sax","Chicago White Sox",""
"base","636","Joe Hesketh","Boston Red Sox",""
"base","637","Vince Horsman","Oakland Athletics",""
"base","638","Eric King","Detroit Tigers",""
"base","639","Joe Boever","Houston Astros",""
"base","640","Jack Morris","Toronto Blue Jays",""
"base","641","Arthur Rhodes","Baltimore Orioles",""
"base","642","Bob Melvin","Kansas City Royals",""
"base","643","Rick Wilkins","Chicago Cubs",""
"base","644","Scott Scudder","Cleveland Indians",""
"base","645","Bip Roberts","Cincinnati Reds",""
"base","646","Julio Valera","California Angels",""
"base","647","Kevin Campbell","Oakland Athletics",""
"base","648","Steve Searcy","Philadelphia Phillies",""
"base","649","Scott Kamieniecki","New York Yankees",""
"base","650","Kurt Stillwell","San Diego Padres",""
"base","651","Bob Welch","Oakland Athletics",""
"base","652","Andres Galarraga","St. Louis Cardinals",""
"base","653","Mike Jackson","San Francisco Giants",""
"base","654","Bo Jackson","Chicago White Sox",""
"base","655","Sid Fernandez","New York Mets",""
"base","656","Mike Bielecki","Atlanta Braves",""
"base","657","Jeff Reardon","Boston Red Sox",""
"base","658","Wayne Rosenthal","Texas Rangers",""
"base","659","Eric Bullock","Montreal Expos",""
"base","660","Eric Davis","Los Angeles Dodgers",""
"base","661","Randy Tomlin","Pittsburgh Pirates",""
"base","662","Tom Edens","Minnesota Twins",""
"base","663","Rob Murphy","Houston Astros",""
"base","664","Leo Gomez","Baltimore Orioles",""
"base","665","Greg Maddux","Chicago Cubs",""
"base","666","Greg Vaughn","Milwaukee Brewers",""
"base","667","Wade Taylor","New York Yankees",""
"base","668","Brad Arnsberg","Cleveland Indians",""
"base","669","Mike Moore","Oakland Athletics",""
"base","670","Mark Langston","California Angels",""
"base","671","Barry Jones","Philadelphia Phillies",""
"base","672","Bill Landrum","Montreal Expos",""
"base","673","Greg Swindell","Cincinnati Reds",""
"base","674","Wayne Edwards","Chicago White Sox",""
"base","675","Greg Olson","Atlanta Braves",""
"base","676","Bill Pulsipher","New York Mets",""
"base","677","Bobby Witt","Texas Rangers",""
"base","678","Mark Carreon","Detroit Tigers",""
"base","679","Patrick Lennon","Seattle Mariners",""
"base","680","Ozzie Smith","St. Louis Cardinals",""
"base","681","John Briscoe","Oakland Athletics",""
"base","682","Matt Young","Boston Red Sox",""
"base","683","Jeff Conine","Kansas City Royals",""
"base","684","Phil Stephenson","San Diego Padres",""
"base","685","Ron Darling","Oakland Athletics",""
"base","686","Bryan Hickerson","San Francisco Giants",""
"base","687","Dale Sveum","Philadelphia Phillies",""
"base","688","Kirk McCaskill","Chicago White Sox",""
"base","689","Rich Amaral","Seattle Mariners",""
"base","690","Danny Tartabull","New York Yankees",""
"base","691","Donald Harris","Texas Rangers",""
"base","692","Doug Davis","Texas Rangers",""
"base","693","John Farrell","California Angels",""
"base","694","Paul Gibson","New York Mets",""
"base","695","Kenny Lofton","Cleveland Indians",""
"base","696","Mike Fetters","Milwaukee Brewers",""
"base","697","Rosario Rodriguez","Pittsburgh Pirates",""
"base","698","Chris Jones","Houston Astros",""
"base","699","Jeff Manto","Atlanta Braves",""
"base","700","Rick Sutcliffe","Baltimore Orioles",""
"base","701","Scott Bankhead","Cincinnati Reds",""
"base","702","Donnie Hill","Minnesota Twins",""
"base","703","Todd Worrell","St. Louis Cardinals",""
"base","704","Rene Gonzales","California Angels",""
"base","705","Rick Cerone","Montreal Expos",""
"base","706","Tony Pena","Boston Red Sox",""
"base","707","Paul Sorrento","Cleveland Indians",""
"base","708","Gary Scott","Chicago Cubs",""
"base","709","Junior Noboa","New York Mets",""
"base","710","Wally Joyner","Kansas City Royals",""
"base","711","Charlie Hayes","New York Yankees",""
"base","712","Rich Rodriguez","San Diego Padres",""
"base","713","Rudy Seanez","Los Angeles Dodgers",""
"base","714","Jim Bullinger","Chicago Cubs",""
"base","715","Jeff Robinson","Texas Rangers",""
"base","716","Jeff Branson","Cincinnati Reds",""
"base","717","Andy Ashby","Philadelphia Phillies",""
"base","718","Dave Burba","San Francisco Giants",""
"base","719","Rich Gossage","Oakland Athletics",""
"base","720","Randy Johnson","Seattle Mariners",""
"base","721","David Wells","Toronto Blue Jays",""
"base","722","Paul Kilgus","St. Louis Cardinals",""
"base","723","Dave Martinez","Cincinnati Reds",""
"base","724","Denny Neagle","Pittsburgh Pirates",""
"base","725","Andy Stankiewicz","New York Yankees",""
"base","726","Rick Aguilera","Minnesota Twins",""
"base","727","Junior Ortiz","Cleveland Indians",""
"base","728","Storm Davis","Baltimore Orioles",""
"base","729","Don Robinson","California Angels",""
"base","730","Ron Gant","Atlanta Braves",""
"base","731","Paul Assenmacher","Chicago Cubs",""
"base","732","Mike Gardiner","Boston Red Sox",""
"base","733","Milt Hill","Cincinnati Reds",""
"base","734","Jeremy Hernandez","San Diego Padres",""
"base","735","Ken Hill","Montreal Expos",""
"base","736","Xavier Hernandez","Houston Astros",""
"base","737","Gregg Jefferies","Kansas City Royals",""
"base","738","Dick Schofield","New York Mets",""
"base","739","Ron Robinson","Milwaukee Brewers",""
"base","740","Sandy Alomar","Cleveland Indians",""
"base","741","Mike Stanley","New York Yankees",""
"base","742","Butch Henry","Houston Astros",""
"base","743","Floyd Bannister","Texas Rangers",""
"base","744","Brian Drahman","Chicago White Sox",""
"base","745","Dave Winfield","Toronto Blue Jays",""
"base","746","Bob Walk","Pittsburgh Pirates",""
"base","747","Chris James","San Francisco Giants",""
"base","748","Don Prybylinski","St. Louis Cardinals",""
"base","749","Dennis Rasmussen","Baltimore Orioles",""
"base","750","Rickey Henderson","Oakland Athletics",""
"base","751","Chris Hammond","Cincinnati Reds",""
"base","752","Bob Kipper","Minnesota Twins",""
"base","753","Dave Rohde","Cleveland Indians",""
"base","754","Hubie Brooks","California Angels",""
"base","755","Bret Saberhagen","New York Mets",""
"base","756","Jeff Robinson","Chicago Cubs",""
"base","757","Pat Listach","Milwaukee Brewers",""
"base","758","Bill Wegman","Milwaukee Brewers",""
"base","759","John Wetteland","Montreal Expos",""
"base","760","Phil Plantier","Boston Red Sox",""
"base","761","Wilson Alvarez","Chicago White Sox",""
"base","762","Scott Aldred","Detroit Tigers",""
"base","763","Armando Reynoso","Atlanta Braves",""
"base","764","Todd Benzinger","Los Angeles Dodgers",""
"base","765","Kevin Mitchell","Seattle Mariners",""
"base","766","Gary Sheffield","San Diego Padres",""
"base","767","Allan Anderson","New York Yankees",""
"base","768","Rusty Meacham","Kansas City Royals",""
"base","769","Rick Parker","Houston Astros",""
"base","770","Nolan Ryan","Texas Rangers",""
"base","771","Jeff Ballard","St. Louis Cardinals",""
"base","772","Cory Snyder","San Francisco Giants",""
"base","773","Denis Boucher","Cleveland Indians",""
"base","774","Jose Gonzalez","California Angels",""
"base","775","Juan Guerrero","Houston Astros",""
"base","776","Edwin Nunez","Milwaukee Brewers",""
"base","777","Scott Ruskin","Cincinnati Reds",""
"base","778","Terry Leach","Chicago White Sox",""
"base","779","Carl Willis","Minnesota Twins",""
"base","780","Bobby Bonilla","New York Mets",""
"base","781","Duane Ward","Toronto Blue Jays",""
"base","782","Joe Slusarski","Oakland Athletics",""
"base","783","David Segui","Baltimore Orioles",""
"base","784","Kirk Gibson","Pittsburgh Pirates",""
"base","785","Frank Viola","Boston Red Sox",""
"base","786","Keith Miller","Kansas City Royals",""
"base","787","Mike Morgan","Chicago Cubs",""
"base","788","Kim Batiste","Philadelphia Phillies",""
"base","789","Sergio Valdez","Montreal Expos",""
"base","790","Eddie Taubensee","Houston Astros",""
"base","791","Jack Armstrong","Cleveland Indians",""
"base","792","Scott Fletcher","Milwaukee Brewers",""
"base","793","Steve Farr","New York Yankees",""
"base","794","Dan Pasqua","Chicago White Sox",""
"base","795","Eddie Murray","New York Mets",""
"base","796","John Morris","California Angels",""
"base","797","Francisco Cabrera","Atlanta Braves",""
"base","798","Mike Perez","St. Louis Cardinals",""
"base","799","Ted Wood","San Francisco Giants",""
"base","800","Jose Rijo","Cincinnati Reds",""
"base","801","Danny Gladden","Detroit Tigers",""
"base","802","Archi Cianfrocco","Montreal Expos",""
"base","803","Monty Fariss","Texas Rangers",""
"base","804","Roger McDowell","Los Angeles Dodgers",""
"base","805","Randy Myers","San Diego Padres",""
"base","806","Kirk Dressendorfer","Oakland Athletics",""
"base","807","Zane Smith","Pittsburgh Pirates",""
"base","808","Glenn Davis","Baltimore Orioles",""
"base","809","Torey Lovullo","New York Yankees",""
"base","810","Andre Dawson","Chicago Cubs",""
"base","811","Bill Pecota","New York Mets",""
"base","812","Ted Power","Cleveland Indians",""
"base","813","Willie Blair","Houston Astros",""
"base","814","Dave Fleming","Seattle Mariners",""
"base","815","Chris Gwynn","Kansas City Royals",""
"base","816","Jody Reed","Boston Red Sox",""
"base","817","Mark Dewey","New York Mets",""
"base","818","Kyle Abbott","Philadelphia Phillies",""
"base","819","Tom Henke","Toronto Blue Jays",""
"base","820","Kevin Seitzer","Milwaukee Brewers",""
"base","821","Al Newman","Texas Rangers",""
"base","822","Tim Sherrill","St. Louis Cardinals",""
"base","823","Chuck Crim","California Angels",""
"base","824","Darren Reed","Montreal Expos",""
"base","825","Tony Gwynn","San Diego Padres",""
"base","826","Steve Foster","Cincinnati Reds",""
"base","827","Steve Howe","New York Yankees",""
"base","828","Brook Jacoby","Cleveland Indians",""
"base","829","Rodney McCray","New York Mets",""
"base","830","Chuck Knoblauch","Minnesota Twins",""
"base","831","John Wehner","Pittsburgh Pirates",""
"base","832","Scott Garrelts","San Francisco Giants",""
"base","833","Alejandro Pena","Atlanta Braves",""
"base","834","Jeff Parrett","Oakland Athletics",""
"base","835","Juan Bell","Baltimore Orioles",""
"base","836","Lance Dickson","Chicago Cubs",""
"base","837","Darryl Kile","Houston Astros",""
"base","838","Efrain Valdez","Milwaukee Brewers",""
"base","839","Bob Zupcic","Boston Red Sox",""
"base","840","George Bell","Chicago White Sox",""
"base","841","Dave Gallagher","New York Mets",""
"base","842","Tim Belcher","Cincinnati Reds",""
"base","843","Jeff Shaw","Cleveland Indians",""
"base","844","Mike Fitzgerald","California Angels",""
"base","845","Gary Carter","Montreal Expos",""
"base","846","John Russell","Texas Rangers",""
"base","847","Eric Hillman","New York Mets",""
"base","848","Mike Witt","New York Yankees",""
"base","849","Curt Wilkerson","Kansas City Royals",""
"base","850","Alan Trammell","Detroit Tigers",""
"base","851","Rex Hudler","St. Louis Cardinals",""
"base","852","Michael Walkden","Los Angeles Dodgers",""
"base","853","Kevin Ward","San Diego Padres",""
"base","854","Tim Naehring","Boston Red Sox",""
"base","855","Bill Swift","San Francisco Giants",""
"base","856","Damon Berryhill","Atlanta Braves",""
"base","857","Mark Eichhorn","California Angels",""
"base","858","Hector Villanueva","Chicago Cubs",""
"base","859","Jose Lind","Pittsburgh Pirates",""
"base","860","Denny Martinez","Montreal Expos",""
"base","861","Bill Krueger","Minnesota Twins",""
"base","862","Mike Kingery","Oakland Athletics",""
"base","863","Jeff Innis","New York Mets",""
"base","864","Derek Lilliquist","Cleveland Indians",""
"base","865","Reggie Sanders","Cincinnati Reds",""
"base","866","Ramon Garcia","Chicago White Sox",""
"base","867","Bruce Ruffin","Milwaukee Brewers",""
"base","868","Dickie Thon","Texas Rangers",""
"base","869","Melido Perez","New York Yankees",""
"base","870","Ruben Amaro","Philadelphia Phillies",""
"base","871","Alan Mills","Baltimore Orioles",""
"base","872","Matt Sinatro","Seattle Mariners",""
"base","873","Eddie Zosky","Toronto Blue Jays",""
"base","874","Pete Incaviglia","Houston Astros",""
"base","875","Tom Candiotti","Los Angeles Dodgers",""
"base","876","Bob Patterson","Pittsburgh Pirates",""
"base","877","Neal Heaton","Kansas City Royals",""
"base","878","Terrel Hansen","New York Mets",""
"base","879","Dave Eiland","San Diego Padres",""
"base","880","Von Hayes","California Angels",""
"base","881","Tim Scott","San Diego Padres",""
"base","882","Otis Nixon","Atlanta Braves",""
"base","883","Herm Winningham","Boston Red Sox",""
"base","884","Dion James","New York Yankees",""
"base","885","Dave Wainhouse","Montreal Expos",""
"base","886","Frank DiPino","St. Louis Cardinals",""
"base","887","Dennis Cook","Cleveland Indians",""
"base","888","Jose Mesa","Baltimore Orioles",""
"base","889","Mark Leiter","Detroit Tigers",""
"base","890","Willie Randolph","New York Mets",""
"base","891","Craig Colbert","San Francisco Giants",""
"base","892","Dwayne Henry","Cincinnati Reds",""
"base","893","Jim Lindeman","Philadelphia Phillies",""
"base","894","Charlie Hough","Chicago White Sox",""
"base","895","Gil Heredia","San Francisco Giants",""
"base","896","Scott Chiamparino","Texas Rangers",""
"base","897","Lance Blankenship","Oakland Athletics",""
"base","898","Checklist: 601-700 CL","",""
"base","899","Checklist: 701-800 CL","",""
"base","900","Checklist: 801-900 CL","",""
"draft-picks","1","Chipper Jones","Atlanta Braves",""
"draft-picks","2","Brien Taylor","New York Yankees",""
"draft-picks","3","Phil Nevin","Houston Astros",""
