setKey,cardNumber,sourceLabel,team,detail
"base","1","Rich Becker","Minnesota Twins",""
"base","2","Greg Blosser","Boston Red Sox",""
"base","3","Midre Cummings","Pittsburgh Pirates",""
"base","4","Carlos Delgado","Toronto Blue Jays",""
"base","5","Steve Dreyer","Texas Rangers",""
"base","6","Carl Everett","Florida Marlins",""
"base","7","Cliff Floyd","Montreal Expos",""
"base","8","Alex Gonzalez","Toronto Blue Jays",""
"base","9","Shawn Green","Toronto Blue Jays",""
"base","10","Butch Huskey","New York Mets",""
"base","11","Mark Hutton","New York Yankees",""
"base","12","Miguel Jimenez","Oakland Athletics",""
"base","13","Steve Karsay","Oakland Athletics",""
"base","14","Marc Newfield","Seattle Mariners",""
"base","15","Luis Ortiz","Boston Red Sox",""
"base","16","Manny Ramirez","Cleveland Indians",""
"base","17","Johnny Ruffin","Cincinnati Reds",""
"base","18","Scott Stahoviak","Minnesota Twins",""
"base","19","Salomon Torres","San Francisco Giants",""
"base","20","Gabe White","Montreal Expos",""
"base","21","Brian Anderson","California Angels",""
"base","22","Wayne Gomes","Philadelphia Phillies",""
"base","23","Jeff Granger","Kansas City Royals",""
"base","24","Steve Soderstrom","San Francisco Giants",""
"base","25","Trot Nixon","Boston Red Sox",""
"base","26","Kirk Presley","New York Mets",""
"base","27","Matt Brunson","Detroit Tigers",""
"base","28","Brooks Kieschnick","Chicago Cubs",""
"base","29","Billy Wagner","Houston Astros",""
"base","30","Matt Drews","New York Yankees",""
"base","31","Kurt Abbott","Oakland Athletics",""
"base","32","Luis Alicea","St. Louis Cardinals",""
"base","33","Roberto Alomar","Toronto Blue Jays",""
"base","34","Sandy Alomar Jr.","Cleveland Indians",""
"base","35","Moises Alou","Montreal Expos",""
"base","36","Wilson Alvarez","Chicago White Sox",""
"base","37","Rich Amaral","Seattle Mariners",""
"base","38","Eric Anthony","Houston Astros",""
"base","39","Luis Aquino","Florida Marlins",""
"base","40","Jack Armstrong","Florida Marlins",""
"base","41","Rene Arocha","St. Louis Cardinals",""
"base","42","Rich Aude","Pittsburgh Pirates",""
"base","43","Brad Ausmus","San Diego Padres",""
"base","44","Steve Avery","Atlanta Braves",""
"base","45","Bob Ayrault","Seattle Mariners",""
"base","46","Willie Banks","Minnesota Twins",""
"base","47","Bret Barberie","Florida Marlins",""
"base","48","Kim Batiste","Philadelphia Phillies",""
"base","49","Rod Beck","San Francisco Giants",""
"base","50","Jason Bere","Chicago White Sox",""
"base","51","Sean Berry","Montreal Expos",""
"base","52","Dante Bichette","Colorado Rockies",""
"base","53","Jeff Blauser","Atlanta Braves",""
"base","54","Mike Blowers","Seattle Mariners",""
"base","55","Tim Bogar","New York Mets",""
"base","56","Tom Bolton","Detroit Tigers",""
"base","57","Ricky Bones","Milwaukee Brewers",""
"base","58","Bobby Bonilla","New York Mets",""
"base","59","Bret Boone","Seattle Mariners",""
"base","60","Pat Borders","Toronto Blue Jays",""
"base","61","Mike Bordick","Oakland Athletics",""
"base","62","Daryl Boston","Colorado Rockies",""
"base","63","Ryan Bowen","Florida Marlins",""
"base","64","Jeff Branson","Cincinnati Reds",""
"base","65","George Brett","Kansas City Royals",""
"base","66","Steve Buechele","Chicago Cubs",""
"base","67","Dave Burba","San Francisco Giants",""
"base","68","John Burkett","San Francisco Giants",""
"base","69","Jeromy Burnitz","New York Mets",""
"base","70","Brett Butler","Los Angeles Dodgers",""
"base","71","Rob Butler","Toronto Blue Jays",""
"base","72","Ken Caminiti","Houston Astros",""
"base","73","Cris Carpenter","Texas Rangers",""
"base","74","Vinny Castilla","Colorado Rockies",""
"base","75","Andujar Cedeno","Houston Astros",""
"base","76","Wes Chamberlain","Philadelphia Phillies",""
"base","77","Archi Cianfrocco","San Diego Padres",""
"base","78","Dave Clark","Pittsburgh Pirates",""
"base","79","Jerald Clark","Colorado Rockies",""
"base","80","Royce Clayton","San Francisco Giants",""
"base","81","David Cone","Kansas City Royals",""
"base","82","Jeff Conine","Florida Marlins",""
"base","83","Steve Cooke","Pittsburgh Pirates",""
"base","84","Scott Cooper","Boston Red Sox",""
"base","85","Joey Cora","Chicago White Sox",""
"base","86","Tim Costo","Cincinnati Reds",""
"base","87","Chad Curtis","California Angels",""
"base","88","Ron Darling","Oakland Athletics",""
"base","89","Danny Darwin","Boston Red Sox",""
"base","90","Rob Deer","Boston Red Sox",""
"base","91","Jim Deshaies","San Francisco Giants",""
"base","92","Delino DeShields","Montreal Expos",""
"base","93","Rob Dibble","Cincinnati Reds",""
"base","94","Gary DiSarcina","California Angels",""
"base","95","Doug Drabek","Houston Astros",""
"base","96","Scott Erickson","Minnesota Twins",""
"base","97","Rikkert Faneyte","San Francisco Giants",""
"base","98","Jeff Fassero","Montreal Expos",""
"base","99","Alex Fernandez","Chicago White Sox",""
"base","100","Cecil Fielder","Detroit Tigers",""
"base","101","Dave Fleming","Seattle Mariners",""
"base","102","Darrin Fletcher","Montreal Expos",""
"base","103","Scott Fletcher","Boston Red Sox",""
"base","104","Mike Gallego","New York Yankees",""
"base","105","Carlos Garcia","Pittsburgh Pirates",""
"base","106","Jeff Gardner","San Diego Padres",""
"base","107","Brent Gates","Oakland Athletics",""
"base","108","Benji Gil","Texas Rangers",""
"base","109","Bernard Gilkey","St. Louis Cardinals",""
"base","110","Chris Gomez","Detroit Tigers",""
"base","111","Luis Gonzalez","Houston Astros",""
"base","112","Tom Gordon","Kansas City Royals",""
"base","113","Jim Gott","Los Angeles Dodgers",""
"base","114","Mark Grace","Chicago Cubs",""
"base","115","Tommy Greene","Philadelphia Phillies",""
"base","116","Willie Greene","Cincinnati Reds",""
"base","117","Ken Griffey Jr.","Seattle Mariners",""
"base","118","Bill Gullickson","Detroit Tigers",""
"base","119","Ricky Gutierrez","San Diego Padres",""
"base","120","Juan Guzman","Toronto Blue Jays",""
"base","121","Chris Gwynn","Kansas City Royals",""
"base","122","Tony Gwynn","San Diego Padres",""
"base","123","Jeffrey Hammonds","Baltimore Orioles",""
"base","124","Erik Hanson","Seattle Mariners",""
"base","125","Gene Harris","San Diego Padres",""
"base","126","Greg W. Harris","Colorado Rockies",""
"base","127","Bryan Harvey","Florida Marlins",""
"base","128","Billy Hatcher","Boston Red Sox",""
"base","129","Hilly Hathaway","California Angels",""
"base","130","Charlie Hayes","Colorado Rockies",""
"base","131","Rickey Henderson","Toronto Blue Jays",""
"base","132","Mike Henneman","Detroit Tigers",""
"base","133","Pat Hentgen","Toronto Blue Jays",""
"base","134","Roberto Hernandez","Chicago White Sox",""
"base","135","Orel Hershiser","Los Angeles Dodgers",""
"base","136","Phil Hiatt","Kansas City Royals",""
"base","137","Glenallen Hill","Chicago Cubs",""
"base","138","Ken Hill","Montreal Expos",""
"base","139","Eric Hillman","New York Mets",""
"base","140","Chris Hoiles","Baltimore Orioles",""
"base","141","Dave Hollins","Philadelphia Phillies",""
"base","142","David Hulse","Texas Rangers",""
"base","143","Todd Hundley","New York Mets",""
"base","144","Pete Incaviglia","Philadelphia Phillies",""
"base","145","Danny Jackson","Philadelphia Phillies",""
"base","146","John Jaha","Milwaukee Brewers",""
"base","147","Domingo Jean","New York Yankees",""
"base","148","Gregg Jefferies","St. Louis Cardinals",""
"base","149","Reggie Jefferson","Cleveland Indians",""
"base","150","Lance Johnson","Chicago White Sox",""
"base","151","Bobby Jones","New York Mets",""
"base","152","Chipper Jones","Atlanta Braves",""
"base","153","Todd Jones","Houston Astros",""
"base","154","Brian Jordan","St. Louis Cardinals",""
"base","155","Wally Joyner","Kansas City Royals",""
"base","156","David Justice","Atlanta Braves",""
"base","157","Ron Karkovice","Chicago White Sox",""
"base","158","Eric Karros","Los Angeles Dodgers",""
"base","159","Jeff Kent","New York Mets",""
"base","160","Jimmy Key","New York Yankees",""
"base","161","Mark Kiefer","Milwaukee Brewers",""
"base","162","Darryl Kile","Houston Astros",""
"base","163","Jeff King","Pittsburgh Pirates",""
"base","164","Wayne Kirby","Cleveland Indians",""
"base","165","Ryan Klesko","Atlanta Braves",""
"base","166","Chuck Knoblauch","Minnesota Twins",""
"base","167","Chad Kreuter","Detroit Tigers",""
"base","168","John Kruk","Philadelphia Phillies",""
"base","169","Mark Langston","California Angels",""
"base","170","Mike Lansing","Montreal Expos",""
"base","171","Barry Larkin","Cincinnati Reds",""
"base","172","Manuel Lee","Texas Rangers",""
"base","173","Phil Leftwich","California Angels",""
"base","174","Darren Lewis","San Francisco Giants",""
"base","175","Derek Lilliquist","Cleveland Indians",""
"base","176","Jose Lind","Kansas City Royals",""
"base","177","Albie Lopez","Cleveland Indians",""
"base","178","Javy Lopez","Atlanta Braves",""
"base","179","Torey Lovullo","California Angels",""
"base","180","Scott Lydy","Oakland Athletics",""
"base","181","Mike Macfarlane","Kansas City Royals",""
"base","182","Shane Mack","Minnesota Twins",""
"base","183","Greg Maddux","Atlanta Braves",""
"base","184","Dave Magadan","Seattle Mariners",""
"base","185","Joe Magrane","California Angels",""
"base","186","Kirt Manwaring","San Francisco Giants",""
"base","187","Al Martin","Pittsburgh Pirates",""
"base","188","Pedro A. Martinez","San Diego Padres",""
"base","189","Pedro J. Martinez","Los Angeles Dodgers","UER: Born 7/25, should be 10/25"
"base","190","Ramon Martinez","Los Angeles Dodgers",""
"base","191","Tino Martinez","Seattle Mariners",""
"base","192","Don Mattingly","New York Yankees",""
"base","193","Derrick May","Chicago Cubs",""
"base","194","David McCarty","Minnesota Twins",""
"base","195","Ben McDonald","Baltimore Orioles",""
"base","196","Roger McDowell","Los Angeles Dodgers",""
"base","197","Fred McGriff","Atlanta Braves","UER: lists 1989 SB total as 73 (should be 7)"
"base","198","Mark McLemore","Baltimore Orioles",""
"base","199","Greg McMichael","Atlanta Braves","UER: Last name misspelled ""Mc Michael"" on front and back"
"base","200","Jeff McNeely","Boston Red Sox",""
"base","201","Brian McRae","Kansas City Royals",""
"base","202","Pat Meares","Minnesota Twins",""
"base","203","Roberto Mejia","Colorado Rockies",""
"base","204","Orlando Merced","Pittsburgh Pirates",""
"base","205","Jose Mesa","Cleveland Indians",""
"base","206","Blas Minor","Pittsburgh Pirates",""
"base","207","Angel Miranda","Milwaukee Brewers",""
"base","208","Paul Molitor","Toronto Blue Jays",""
"base","209","Raul Mondesi","Los Angeles Dodgers",""
"base","210","Jeff Montgomery","Kansas City Royals",""
"base","211","Mickey Morandini","Philadelphia Phillies",""
"base","212","Mike Morgan","Chicago Cubs",""
"base","213","Jamie Moyer","Baltimore Orioles",""
"base","214","Bobby Munoz","New York Yankees",""
"base","215","Troy Neel","Oakland Athletics",""
"base","216","Dave Nilsson","Milwaukee Brewers",""
"base","217","John O'Donoghue","Baltimore Orioles",""
"base","218","Paul O'Neill","New York Yankees",""
"base","219","Jose Offerman","Los Angeles Dodgers",""
"base","220","Joe Oliver","Cincinnati Reds",""
"base","221","Greg Olson","Atlanta Braves",""
"base","222","Donovan Osborne","St. Louis Cardinals",""
"base","223","Jayhawk Owens","Colorado Rockies",""
"base","224","Mike Pagliarulo","Baltimore Orioles",""
"base","225","Craig Paquette","Oakland Athletics",""
"base","226","Roger Pavlik","Texas Rangers",""
"base","227","Brad Pennington","Baltimore Orioles",""
"base","228","Eduardo Perez","California Angels",""
"base","229","Mike Perez","St. Louis Cardinals",""
"base","230","Tony Phillips","Detroit Tigers",""
"base","231","Hipolito Pichardo","Kansas City Royals",""
"base","232","Phil Plantier","San Diego Padres",""
"base","233","Curtis Pride","Montreal Expos",""
"base","234","Tim Pugh","Cincinnati Reds",""
"base","235","Scott Radinsky","Chicago White Sox",""
"base","236","Pat Rapp","Florida Marlins",""
"base","237","Kevin Reimer","Milwaukee Brewers",""
"base","238","Armando Reynoso","Colorado Rockies",""
"base","239","Jose Rijo","Cincinnati Reds",""
"base","240","Cal Ripken Jr.","Baltimore Orioles",""
"base","241","Kevin Roberson","Chicago Cubs",""
"base","242","Kenny Rogers","Texas Rangers",""
"base","243","Kevin Rogers","San Francisco Giants",""
"base","244","Mel Rojas","Montreal Expos",""
"base","245","John Roper","Cincinnati Reds",""
"base","246","Kirk Rueter","Montreal Expos",""
"base","247","Scott Ruffcorn","Chicago White Sox",""
"base","248","Ken Ryan","Boston Red Sox",""
"base","249","Nolan Ryan","Texas Rangers",""
"base","250","Bret Saberhagen","New York Mets",""
"base","251","Tim Salmon","California Angels",""
"base","252","Reggie Sanders","Cincinnati Reds",""
"base","253","Curt Schilling","Philadelphia Phillies",""
"base","254","David Segui","Baltimore Orioles",""
"base","255","Aaron Sele","Boston Red Sox",""
"base","256","Scott Servais","Houston Astros",""
"base","257","Gary Sheffield","Florida Marlins",""
"base","258","Ruben Sierra","Oakland Athletics",""
"base","259","Don Slaught","Pittsburgh Pirates",""
"base","260","Lee Smith","New York Yankees",""
"base","261","Cory Snyder","Los Angeles Dodgers",""
"base","262","Paul Sorrento","Cleveland Indians",""
"base","263","Sammy Sosa","Chicago Cubs",""
"base","264","Bill Spiers","Milwaukee Brewers",""
"base","265","Mike Stanley","New York Yankees",""
"base","266","Dave Staton","San Diego Padres",""
"base","267","Terry Steinbach","Oakland Athletics",""
"base","268","Kevin Stocker","Philadelphia Phillies",""
"base","269","Todd Stottlemyre","Toronto Blue Jays",""
"base","270","Doug Strange","Texas Rangers",""
"base","271","Bill Swift","San Francisco Giants",""
"base","272","Kevin Tapani","Minnesota Twins",""
"base","273","Tony Tarasco","Atlanta Braves",""
"base","274","Julian Tavarez","Cleveland Indians",""
"base","275","Mickey Tettleton","Detroit Tigers",""
"base","276","Ryan Thompson","New York Mets",""
"base","277","Chris Turner","California Angels",""
"base","278","John Valentin","Boston Red Sox",""
"base","279","Todd Van Poppel","Oakland Athletics",""
"base","280","Andy Van Slyke","Pittsburgh Pirates",""
"base","281","Mo Vaughn","Boston Red Sox",""
"base","282","Robin Ventura","Chicago White Sox",""
"base","283","Frank Viola","Boston Red Sox",""
"base","284","Jose Vizcaino","Chicago Cubs",""
"base","285","Omar Vizquel","Seattle Mariners",""
"base","286","Larry Walker","Montreal Expos",""
"base","287","Duane Ward","Toronto Blue Jays",""
"base","288","Allen Watson","St. Louis Cardinals",""
"base","289","Bill Wegman","Milwaukee Brewers",""
"base","290","Turk Wendell","Chicago Cubs",""
"base","291","Lou Whitaker","Detroit Tigers",""
"base","292","Devon White","Toronto Blue Jays",""
"base","293","Rondell White","Montreal Expos",""
"base","294","Mark Whiten","St. Louis Cardinals",""
"base","295","Darrell Whitmore","Florida Marlins",""
"base","296","Bob Wickman","New York Yankees",""
"base","297","Rick Wilkins","Chicago Cubs",""
"base","298","Bernie Williams","New York Yankees",""
"base","299","Matt Williams","San Francisco Giants",""
"base","300","Woody Williams","Toronto Blue Jays",""
"base","301","Nigel Wilson","Florida Marlins",""
"base","302","Dave Winfield","Minnesota Twins",""
"base","303","Anthony Young","New York Mets",""
"base","304","Eric Young","Colorado Rockies",""
"base","305","Todd Zeile","St. Louis Cardinals",""
"base","306","John Burkett / Tom Glavine / Jack McDowell","San Francisco Giants / Atlanta Braves / Chicago White Sox","Wins Leaders"
"base","307","Randy Johnson","Seattle Mariners","Strikeouts Leader"
"base","308","Randy Myers","Chicago Cubs","Saves Leader"
"base","309","Jack McDowell","Chicago White Sox","Cy Young Award Winner"
"base","310","Mike Piazza","Los Angeles Dodgers","Rookie-of-the-Year"
"base","311","Barry Bonds","San Francisco Giants","Most Valuable Player"
"base","312","Andres Galarraga","Colorado Rockies","Batting Champion"
"base","313","Juan Gonzalez / Barry Bonds","Texas Rangers / San Francisco Giants","Home Run Champions"
"base","314","Albert Belle","Cleveland Indians","RBI Leader"
"base","315","Kenny Lofton","Cleveland Indians","Stolen Bases Leader"
"base","316","Barry Bonds","San Francisco Giants","Checklist: 1-64"
"base","317","Ken Griffey Jr.","Seattle Mariners","Checklist: 65-128"
"base","318","Mike Piazza","Los Angeles Dodgers","Checklist: 129-192"
"base","319","Kirby Puckett","Minnesota Twins","Checklist: 193-256"
"base","320","Nolan Ryan","Texas Rangers","Checklist: 257-320"
"base","321","Roberto Alomar","Toronto Blue Jays","Checklist: 321-370"
"base","322","Roger Clemens","Boston Red Sox","Checklist: 371-420"
"base","323","Juan Gonzalez","Texas Rangers","Checklist: 421-470"
"base","324","Ken Griffey Jr.","Seattle Mariners","Checklist: 471-520"
"base","325","David Justice","Atlanta Braves","Checklist: 521-570"
"base","326","John Kruk","Philadelphia Phillies","Checklist: 571-620"
"base","327","Frank Thomas","Chicago White Sox","Checklist: 621-670"
"base","328","Tim Salmon","California Angels",""
"base","329","Jeff Bagwell","Houston Astros",""
"base","330","Mark McGwire","Oakland Athletics",""
"base","331","Roberto Alomar","Toronto Blue Jays",""
"base","332","David Justice","Atlanta Braves",""
"base","333","Pat Listach","Milwaukee Brewers",""
"base","334","Ozzie Smith","St. Louis Cardinals",""
"base","335","Ryne Sandberg","Chicago Cubs",""
"base","336","Mike Piazza","Los Angeles Dodgers",""
"base","337","Cliff Floyd","Montreal Expos",""
"base","338","Barry Bonds","San Francisco Giants",""
"base","339","Albert Belle","Cleveland Indians",""
"base","340","Ken Griffey Jr.","Seattle Mariners",""
"base","341","Gary Sheffield","Florida Marlins",""
"base","342","Dwight Gooden","New York Mets",""
"base","343","Cal Ripken Jr.","Baltimore Orioles",""
"base","344","Tony Gwynn","San Diego Padres",""
"base","345","Lenny Dykstra","Philadelphia Phillies",""
"base","346","Andy Van Slyke","Pittsburgh Pirates",""
"base","347","Juan Gonzalez","Texas Rangers",""
"base","348","Roger Clemens","Boston Red Sox",""
"base","349","Barry Larkin","Cincinnati Reds",""
"base","350","Andres Galarraga","Colorado Rockies",""
"base","351","Kevin Appier","Kansas City Royals",""
"base","352","Cecil Fielder","Detroit Tigers",""
"base","353","Kirby Puckett","Minnesota Twins",""
"base","354","Frank Thomas","Chicago White Sox",""
"base","355","Don Mattingly","New York Yankees",""
"base","356","Bo Jackson","California Angels",""
"base","357","Randy Johnson","Seattle Mariners",""
"base","358","Darren Daulton","Philadelphia Phillies",""
"base","359","Charlie Hough","Florida Marlins",""
"base","360","Andres Galarraga","Colorado Rockies",""
"base","361","Mike Felder","Houston Astros",""
"base","362","Chris Hammond","Florida Marlins",""
"base","363","Shawon Dunston","Chicago Cubs",""
"base","364","Junior Felix","Detroit Tigers",""
"base","365","Ray Lankford","St. Louis Cardinals",""
"base","366","Darryl Strawberry","Los Angeles Dodgers",""
"base","367","Dave Magadan","Florida Marlins",""
"base","368","Gregg Olson","Atlanta Braves",""
"base","369","Lenny Dykstra","Philadelphia Phillies",""
"base","370","Darrin Jackson","Chicago White Sox",""
"base","371","Dave Stewart","Toronto Blue Jays",""
"base","372","Terry Pendleton","Atlanta Braves",""
"base","373","Arthur Rhodes","Baltimore Orioles",""
"base","374","Benito Santiago","Florida Marlins",""
"base","375","Travis Fryman","Detroit Tigers",""
"base","376","Scott Brosius","Oakland Athletics",""
"base","377","Stan Belinda","Kansas City Royals",""
"base","378","Derek Parks","Minnesota Twins",""
"base","379","Kevin Seitzer","Milwaukee Brewers",""
"base","380","Wade Boggs","New York Yankees",""
"base","381","Wally Whitehurst","San Diego Padres",""
"base","382","Scott Leius","Minnesota Twins",""
"base","383","Danny Tartabull","New York Yankees","UER: Born in ""Miami, FL"", should be San Juan, PR"
"base","384","Harold Reynolds","California Angels",""
"base","385","Tim Raines","Chicago White Sox",""
"base","386","Darryl Hamilton","Milwaukee Brewers",""
"base","387","Felix Fermin","Seattle Mariners",""
"base","388","Jim Eisenreich","Philadelphia Phillies",""
"base","389","Kurt Abbott","Florida Marlins",""
"base","390","Kevin Appier","Kansas City Royals",""
"base","391","Chris Bosio","Seattle Mariners",""
"base","392","Randy Tomlin","Pittsburgh Pirates",""
"base","393","Bob Hamelin","Kansas City Royals",""
"base","394","Kevin Gross","Los Angeles Dodgers",""
"base","395","Wil Cordero","Montreal Expos",""
"base","396","Joe Girardi","Colorado Rockies",""
"base","397","Orestes Destrade","Florida Marlins",""
"base","398","Chris Haney","Kansas City Royals",""
"base","399","Xavier Hernandez","New York Yankees",""
"base","400","Mike Piazza","Los Angeles Dodgers",""
"base","401","Alex Arias","Florida Marlins",""
"base","402","Tom Candiotti","Los Angeles Dodgers",""
"base","403","Kirk Gibson","Detroit Tigers",""
"base","404","Chuck Carr","Florida Marlins",""
"base","405","Brady Anderson","Baltimore Orioles",""
"base","406","Greg Gagne","Kansas City Royals",""
"base","407","Bruce Ruffin","Colorado Rockies",""
"base","408","Scott Hemond","Oakland Athletics",""
"base","409","Keith Miller","Kansas City Royals",""
"base","410","John Wetteland","Montreal Expos",""
"base","411","Eric Anthony","Seattle Mariners",""
"base","412","Andre Dawson","Boston Red Sox",""
"base","413","Doug Henry","Milwaukee Brewers",""
"base","414","John Franco","New York Mets",""
"base","415","Julio Franco","Chicago White Sox",""
"base","416","Dave Hansen","Los Angeles Dodgers",""
"base","417","Mike Harkey","Colorado Rockies",""
"base","418","Jack Armstrong","Texas Rangers",""
"base","419","Joe Orsulak","New York Mets",""
"base","420","John Smoltz","Atlanta Braves",""
"base","421","Scott Livingstone","Detroit Tigers",""
"base","422","Darren Holmes","Colorado Rockies",""
"base","423","Ed Sprague","Toronto Blue Jays",""
"base","424","Jay Buhner","Seattle Mariners",""
"base","425","Kirby Puckett","Minnesota Twins",""
"base","426","Phil Clark","San Diego Padres",""
"base","427","Anthony Young","Chicago Cubs",""
"base","428","Reggie Jefferson","Seattle Mariners",""
"base","429","Mariano Duncan","Philadelphia Phillies",""
"base","430","Tom Glavine","Atlanta Braves",""
"base","431","Dave Henderson","Kansas City Royals",""
"base","432","Melido Perez","New York Yankees",""
"base","433","Paul Wagner","Pittsburgh Pirates",""
"base","434","Tim Worrell","San Diego Padres",""
"base","435","Ozzie Guillen","Chicago White Sox",""
"base","436","Mike Butcher","California Angels",""
"base","437","Jim Deshaies","Minnesota Twins",""
"base","438","Kevin Young","Pittsburgh Pirates",""
"base","439","Tom Browning","Cincinnati Reds",""
"base","440","Mike Greenwell","Boston Red Sox",""
"base","441","Mike Stanton","Atlanta Braves",""
"base","442","John Doherty","Detroit Tigers",""
"base","443","John Dopson","California Angels",""
"base","444","Carlos Baerga","Cleveland Indians",""
"base","445","Jack McDowell","Chicago White Sox",""
"base","446","Kent Mercker","Atlanta Braves",""
"base","447","Ricky Jordan","Philadelphia Phillies",""
"base","448","Jerry Browne","Florida Marlins",""
"base","449","Fernando Vina","New York Mets",""
"base","450","Jim Abbott","New York Yankees",""
"base","451","Teddy Higuera","Milwaukee Brewers",""
"base","452","Tim Naehring","Boston Red Sox",""
"base","453","Jim Leyritz","New York Yankees",""
"base","454","Frank Castillo","Chicago Cubs",""
"base","455","Joe Carter","Toronto Blue Jays",""
"base","456","Craig Biggio","Houston Astros",""
"base","457","Geronimo Pena","St. Louis Cardinals",""
"base","458","Alejandro Pena","Pittsburgh Pirates",""
"base","459","Mike Moore","Detroit Tigers",""
"base","460","Randy Myers","Chicago Cubs",""
"base","461","Greg Myers","California Angels",""
"base","462","Greg Hibbard","Seattle Mariners",""
"base","463","Jose Guzman","Chicago Cubs",""
"base","464","Tom Pagnozzi","St. Louis Cardinals",""
"base","465","Marquis Grissom","Montreal Expos",""
"base","466","Tim Wallach","Los Angeles Dodgers",""
"base","467","Joe Grahe","California Angels",""
"base","468","Bob Tewksbury","St. Louis Cardinals",""
"base","469","B.J. Surhoff","Milwaukee Brewers",""
"base","470","Kevin Mitchell","Cincinnati Reds",""
"base","471","Bobby Witt","Oakland Athletics",""
"base","472","Milt Thompson","Philadelphia Phillies",""
"base","473","John Smiley","Cincinnati Reds",""
"base","474","Alan Trammell","Detroit Tigers",""
"base","475","Mike Mussina","Baltimore Orioles",""
"base","476","Rick Aguilera","Minnesota Twins",""
"base","477","Jose Valentin","Milwaukee Brewers",""
"base","478","Harold Baines","Baltimore Orioles",""
"base","479","Bip Roberts","San Diego Padres",""
"base","480","Edgar Martinez","Seattle Mariners",""
"base","481","Rheal Cormier","St. Louis Cardinals",""
"base","482","Hal Morris","Cincinnati Reds",""
"base","483","Pat Kelly","New York Yankees",""
"base","484","Roberto Kelly","Cincinnati Reds",""
"base","485","Chris Sabo","Baltimore Orioles",""
"base","486","Kent Hrbek","Minnesota Twins",""
"base","487","Scott Kamieniecki","New York Yankees",""
"base","488","Walt Weiss","Colorado Rockies",""
"base","489","Karl Rhodes","Chicago Cubs",""
"base","490","Derek Bell","San Diego Padres",""
"base","491","Chili Davis","California Angels",""
"base","492","Brian Harper","Milwaukee Brewers",""
"base","493","Felix Jose","Kansas City Royals",""
"base","494","Trevor Hoffman","San Diego Padres",""
"base","495","Dennis Eckersley","Oakland Athletics",""
"base","496","Pedro Astacio","Los Angeles Dodgers",""
"base","497","Jay Bell","Pittsburgh Pirates",""
"base","498","Randy Velarde","New York Yankees",""
"base","499","David Wells","Detroit Tigers",""
"base","500","Frank Thomas","Chicago White Sox",""
"base","501","Mark Lemke","Atlanta Braves",""
"base","502","Mike Devereaux","Baltimore Orioles",""
"base","503","Chuck McElroy","Cincinnati Reds",""
"base","504","Luis Polonia","New York Yankees",""
"base","505","Damion Easley","California Angels",""
"base","506","Greg A. Harris","Boston Red Sox",""
"base","507","Chris James","Texas Rangers",""
"base","508","Terry Mulholland","New York Yankees",""
"base","509","Pete Smith","New York Mets",""
"base","510","Rickey Henderson","Oakland Athletics",""
"base","511","Sid Fernandez","Baltimore Orioles",""
"base","512","Al Leiter","Toronto Blue Jays",""
"base","513","Doug Jones","Philadelphia Phillies",""
"base","514","Steve Farr","Cleveland Indians",""
"base","515","Chuck Finley","California Angels",""
"base","516","Bobby Thigpen","Seattle Mariners",""
"base","517","Jim Edmonds","California Angels",""
"base","518","Graeme Lloyd","Milwaukee Brewers",""
"base","519","Dwight Gooden","New York Mets",""
"base","520","Pat Listach","Milwaukee Brewers",""
"base","521","Kevin Bass","Houston Astros",""
"base","522","Willie Banks","Chicago Cubs",""
"base","523","Steve Finley","Houston Astros",""
"base","524","Delino DeShields","Los Angeles Dodgers",""
"base","525","Mark McGwire","Oakland Athletics",""
"base","526","Greg Swindell","Houston Astros",""
"base","527","Chris Nabholz","Cleveland Indians",""
"base","528","Scott Sanders","San Diego Padres",""
"base","529","David Segui","New York Mets",""
"base","530","Howard Johnson","Colorado Rockies",""
"base","531","Jaime Navarro","Milwaukee Brewers",""
"base","532","Jose Vizcaino","New York Mets",""
"base","533","Mark Lewis","Cleveland Indians",""
"base","534","Pete Harnisch","Houston Astros",""
"base","535","Robby Thompson","San Francisco Giants",""
"base","536","Marcus Moore","Colorado Rockies",""
"base","537","Kevin Brown","Texas Rangers",""
"base","538","Mark Clark","Cleveland Indians",""
"base","539","Sterling Hitchcock","New York Yankees",""
"base","540","Will Clark","Texas Rangers",""
"base","541","Denis Boucher","Montreal Expos",""
"base","542","Jack Morris","Cleveland Indians",""
"base","543","Pedro Munoz","Minnesota Twins",""
"base","544","Bret Boone","Cincinnati Reds",""
"base","545","Ozzie Smith","St. Louis Cardinals",""
"base","546","Dennis Martinez","Cleveland Indians",""
"base","547","Dan Wilson","Seattle Mariners",""
"base","548","Rick Sutcliffe","St. Louis Cardinals",""
"base","549","Kevin McReynolds","New York Mets",""
"base","550","Roger Clemens","Boston Red Sox",""
"base","551","Todd Benzinger","San Francisco Giants",""
"base","552","Bill Haselman","Seattle Mariners",""
"base","553","Bobby Munoz","Philadelphia Phillies",""
"base","554","Ellis Burks","Colorado Rockies",""
"base","555","Ryne Sandberg","Chicago Cubs",""
"base","556","Lee Smith","Baltimore Orioles",""
"base","557","Danny Bautista","Detroit Tigers",""
"base","558","Rey Sanchez","Chicago Cubs",""
"base","559","Norm Charlton","Philadelphia Phillies",""
"base","560","Jose Canseco","Texas Rangers",""
"base","561","Tim Belcher","Detroit Tigers",""
"base","562","Denny Neagle","Pittsburgh Pirates",""
"base","563","Eric Davis","Detroit Tigers",""
"base","564","Jody Reed","Milwaukee Brewers",""
"base","565","Kenny Lofton","Cleveland Indians",""
"base","566","Gary Gaetti","Kansas City Royals",""
"base","567","Todd Worrell","Los Angeles Dodgers",""
"base","568","Mark Portugal","San Francisco Giants",""
"base","569","Dick Schofield","Toronto Blue Jays",""
"base","570","Andy Benes","San Diego Padres",""
"base","571","Zane Smith","Pittsburgh Pirates",""
"base","572","Bobby Ayala","Seattle Mariners",""
"base","573","Chip Hale","Minnesota Twins",""
"base","574","Bob Welch","Oakland Athletics",""
"base","575","Deion Sanders","Atlanta Braves",""
"base","576","Dave Nied","Colorado Rockies",""
"base","577","Pat Mahomes","Minnesota Twins",""
"base","578","Charles Nagy","Cleveland Indians","UER: Born in Fairfield, CT should be born in Bridgeport, CT"
"base","579","Otis Nixon","Boston Red Sox",""
"base","580","Dean Palmer","Texas Rangers",""
"base","581","Roberto Petagine","Houston Astros",""
"base","582","Dwight Smith","California Angels",""
"base","583","Jeff Russell","Boston Red Sox",""
"base","584","Mark Dewey","Pittsburgh Pirates",""
"base","585","Greg Vaughn","Milwaukee Brewers",""
"base","586","Brian Hunter","Pittsburgh Pirates",""
"base","587","Willie McGee","San Francisco Giants",""
"base","588","Pedro J. Martinez","Montreal Expos","UER: Born 7/25, should be 10/25"
"base","589","Roger Salkeld","Seattle Mariners",""
"base","590","Jeff Bagwell","Houston Astros",""
"base","591","Spike Owen","California Angels",""
"base","592","Jeff Reardon","New York Yankees",""
"base","593","Erik Pappas","St. Louis Cardinals",""
"base","594","Brian Williams","Houston Astros",""
"base","595","Eddie Murray","Cleveland Indians",""
"base","596","Henry Rodriguez","Los Angeles Dodgers",""
"base","597","Erik Hanson","Cincinnati Reds",""
"base","598","Stan Javier","Oakland Athletics",""
"base","599","Mitch Williams","Houston Astros",""
"base","600","John Olerud","Toronto Blue Jays",""
"base","601","Vince Coleman","Kansas City Royals",""
"base","602","Damon Berryhill","Boston Red Sox",""
"base","603","Tom Brunansky","Milwaukee Brewers",""
"base","604","Robb Nen","Florida Marlins",""
"base","605","Rafael Palmeiro","Baltimore Orioles",""
"base","606","Cal Eldred","Milwaukee Brewers",""
"base","607","Jeff Brantley","Cincinnati Reds",""
"base","608","Alan Mills","Baltimore Orioles",""
"base","609","Jeff Nelson","Seattle Mariners",""
"base","610","Barry Bonds","San Francisco Giants",""
"base","611","Carlos Pulido","Minnesota Twins",""
"base","612","Tim Hyers","San Diego Padres",""
"base","613","Steve Howe","New York Yankees",""
"base","614","Brian Turang","Seattle Mariners",""
"base","615","Leo Gomez","Baltimore Orioles",""
"base","616","Jesse Orosco","Milwaukee Brewers",""
"base","617","Dan Pasqua","Chicago White Sox",""
"base","618","Marvin Freeman","Colorado Rockies",""
"base","619","Tony Fernandez","Cincinnati Reds",""
"base","620","Albert Belle","Cleveland Indians",""
"base","621","Eddie Taubensee","Houston Astros",""
"base","622","Mike Jackson","San Francisco Giants",""
"base","623","Jose Bautista","Chicago Cubs",""
"base","624","Jim Thome","Cleveland Indians",""
"base","625","Ivan Rodriguez","Texas Rangers",""
"base","626","Ben Rivera","Philadelphia Phillies",""
"base","627","Dave Valle","Boston Red Sox",""
"base","628","Tom Henke","Texas Rangers",""
"base","629","Omar Vizquel","Cleveland Indians",""
"base","630","Juan Gonzalez","Texas Rangers",""
"base","631","Roberto Alomar","Toronto Blue Jays","Black stripe on lower front"
"base","632","Barry Bonds","San Francisco Giants","Black stripe on lower front"
"base","633","Juan Gonzalez","Texas Rangers","Black stripe on lower front"
"base","634","Ken Griffey Jr.","Seattle Mariners","Black stripe on lower front"
"base","635","Michael Jordan","Chicago White Sox","Black stripe on lower front"
"base","636","David Justice","Atlanta Braves","Black stripe on lower front"
"base","637","Mike Piazza","Los Angeles Dodgers","Black stripe on lower front"
"base","638","Kirby Puckett","Minnesota Twins","Black stripe on lower front"
"base","639","Tim Salmon","California Angels","Black stripe on lower front"
"base","640","Frank Thomas","Chicago White Sox","Black stripe on lower front"
"base","641","Alan Benes","St. Louis Cardinals",""
"base","642","Johnny Damon","Kansas City Royals",""
"base","643","Brad Fullmer","Montreal Expos",""
"base","644","Derek Jeter","New York Yankees",""
"base","645","Derrek Lee","San Diego Padres",""
"base","646","Alex Ochoa","Baltimore Orioles",""
"base","647","Alex Rodriguez","Seattle Mariners",""
"base","648","Jose Silva","Toronto Blue Jays",""
"base","649","Terrell Wade","Atlanta Braves",""
"base","650","Preston Wilson","New York Mets",""
"base","651","Shane Andrews","Montreal Expos",""
"base","652","James Baldwin","Chicago White Sox",""
"base","653","Ricky Bottalico","Philadelphia Phillies",""
"base","654","Tavo Alvarez","Montreal Expos",""
"base","655","Donnie Elliott","San Diego Padres",""
"base","656","Joey Eischen","Montreal Expos",""
"base","657","Jason Giambi","Oakland Athletics",""
"base","658","Todd Hollandsworth","Los Angeles Dodgers",""
"base","659","Brian Hunter","Houston Astros",""
"base","660","Charles Johnson","Florida Marlins",""
"base","661","Michael Jordan","Chicago White Sox",""
"base","662","Jeff Juden","Philadelphia Phillies",""
"base","663","Mike Kelly","Atlanta Braves",""
"base","664","James Mouton","Houston Astros",""
"base","665","Ray Holbert","San Diego Padres",""
"base","666","Pokey Reese","Cincinnati Reds",""
"base","667","Ruben Santana","Seattle Mariners",""
"base","668","Paul Spoljaric","Toronto Blue Jays",""
"base","669","Luis Lopez","San Diego Padres",""
"base","670","Matt Walbeck","Minnesota Twins",""
"team-vs-team","NNO-01","Roberto Alomar / Frank Thomas","Toronto Blue Jays / Chicago White Sox","Unnumbered scratch-off game piece"
"team-vs-team","NNO-02","Barry Bonds / Ken Griffey Jr.","San Francisco Giants / Seattle Mariners","Unnumbered scratch-off game piece"
"team-vs-team","NNO-03","Roger Clemens / Don Mattingly","Boston Red Sox / New York Yankees","Unnumbered scratch-off game piece"
"team-vs-team","NNO-04","Lenny Dykstra / David Justice","Philadelphia Phillies / Atlanta Braves","Unnumbered scratch-off game piece"
"team-vs-team","NNO-05","Andres Galarraga / Tony Gwynn","Colorado Rockies / San Diego Padres","Unnumbered scratch-off game piece"
"team-vs-team","NNO-06","Dwight Gooden / Gary Sheffield","New York Mets / Florida Marlins","Unnumbered scratch-off game piece"
"team-vs-team","NNO-07","Ken Griffey Jr. / Juan Gonzalez","Seattle Mariners / Texas Rangers","Unnumbered scratch-off game piece"
"team-vs-team","NNO-08","Barry Larkin / Jeff Bagwell","Cincinnati Reds / Houston Astros","Unnumbered scratch-off game piece"
"team-vs-team","NNO-09","Pat Listach / Albert Belle","Milwaukee Brewers / Cleveland Indians","Unnumbered scratch-off game piece"
"team-vs-team","NNO-10","Mark McGwire / Tim Salmon","Oakland Athletics / California Angels","Unnumbered scratch-off game piece"
"team-vs-team","NNO-11","Mike Piazza / Barry Bonds","Los Angeles Dodgers / San Francisco Giants","Unnumbered scratch-off game piece"
"team-vs-team","NNO-12","Kirby Puckett / Brian McRae","Minnesota Twins / Kansas City Royals","Unnumbered scratch-off game piece"
"team-vs-team","NNO-13","Cal Ripken Jr. / Cecil Fielder","Baltimore Orioles / Detroit Tigers","Unnumbered scratch-off game piece"
"team-vs-team","NNO-14","Ryne Sandberg / Ozzie Smith","Chicago Cubs / St. Louis Cardinals","Unnumbered scratch-off game piece"
"team-vs-team","NNO-15","Andy Van Slyke / Cliff Floyd","Pittsburgh Pirates / Montreal Expos","Unnumbered scratch-off game piece"
"instant-winner","NNO-01","Eighth Prize Redemption","","8-card Home Run All-Stars set"
"instant-winner","NNO-02","Seventh Prize Redemption","","Upper Deck T-shirt"
